{"./tests/access-non-existent-arguments-index.js":{"v8_v6.10.1":55.628671,"v8_7.10.0":53.512096,"v8_7.10.0_ignition":60.219138,"v8_v8.0.0-nightly201705029802d466cc":50.381544,"v8_v8.0.0-nightly201705029802d466cc_ignition":54.339014,"chakra_v8.0.0-nightly201705037f33b4cbf3":67.275491},"./tests/access-valid-arguments-index.js":{"v8_v6.10.1":60.892305,"v8_7.10.0":60.670081,"v8_7.10.0_ignition":59.594973,"v8_v8.0.0-nightly201705029802d466cc":51.131563,"v8_v8.0.0-nightly201705029802d466cc_ignition":49.369413,"chakra_v8.0.0-nightly201705037f33b4cbf3":62.528272},"./tests/assign-to-arguments.js":{"v8_v6.10.1":65.112731,"v8_7.10.0":58.610849,"v8_7.10.0_ignition":55.799592,"v8_v8.0.0-nightly201705029802d466cc":49.450847,"v8_v8.0.0-nightly201705029802d466cc_ignition":51.182651,"chakra_v8.0.0-nightly201705037f33b4cbf3":61.58283},"./tests/async-await.js":{"v8_v6.10.1":"Command failed: /home/vladimir/.nvm/versions/node/v6.10.1/bin/node ./tests/async-await.js 1000\n/media/vladimir/DATA/Projects/node_engine_bench/tests/async-await.js:2\nasync function exec(arg) {\n      ^^^^^^^^\nSyntaxError: Unexpected token function\n    at createScript (vm.js:56:10)\n    at Object.runInThisContext (vm.js:97:10)\n    at Module._compile (module.js:542:28)\n    at Object.Module._extensions..js (module.js:579:10)\n    at Module.load (module.js:487:32)\n    at tryModuleLoad (module.js:446:12)\n    at Function.Module._load (module.js:438:3)\n    at Module.runMain (module.js:604:10)\n    at run (bootstrap_node.js:393:7)\n    at startup (bootstrap_node.js:150:9)\n","v8_7.10.0":60.755872,"v8_7.10.0_ignition":59.886804,"v8_v8.0.0-nightly201705029802d466cc":53.773508,"v8_v8.0.0-nightly201705029802d466cc_ignition":51.92628,"chakra_v8.0.0-nightly201705037f33b4cbf3":74.453075},"./tests/bound-funtion.js":{"v8_v6.10.1":56.061333,"v8_7.10.0":54.736976,"v8_7.10.0_ignition":53.956579,"v8_v8.0.0-nightly201705029802d466cc":53.783458,"v8_v8.0.0-nightly201705029802d466cc_ignition":47.158963,"chakra_v8.0.0-nightly201705037f33b4cbf3":66.146504},"./tests/calls-bind.js":{"v8_v6.10.1":55.722997,"v8_7.10.0":55.789606,"v8_7.10.0_ignition":51.935417,"v8_v8.0.0-nightly201705029802d466cc":53.250846,"v8_v8.0.0-nightly201705029802d466cc_ignition":47.671008,"chakra_v8.0.0-nightly201705037f33b4cbf3":60.921171},"./tests/closure-function.js":{"v8_v6.10.1":58.752511,"v8_7.10.0":54.20905,"v8_7.10.0_ignition":57.080548,"v8_v8.0.0-nightly201705029802d466cc":54.00242,"v8_v8.0.0-nightly201705029802d466cc_ignition":50.527882,"chakra_v8.0.0-nightly201705037f33b4cbf3":59.967418},"./tests/debugger.js":{"v8_v6.10.1":56.230274,"v8_7.10.0":55.066802,"v8_7.10.0_ignition":60.589228,"v8_v8.0.0-nightly201705029802d466cc":55.230189,"v8_v8.0.0-nightly201705029802d466cc_ignition":48.429531,"chakra_v8.0.0-nightly201705037f33b4cbf3":66.283088},"./tests/eval.js":{"v8_v6.10.1":55.790605,"v8_7.10.0":59.015217,"v8_7.10.0_ignition":52.535663,"v8_v8.0.0-nightly201705029802d466cc":55.214569,"v8_v8.0.0-nightly201705029802d466cc_ignition":47.381951,"chakra_v8.0.0-nightly201705037f33b4cbf3":63.880155},"./tests/for-in-loop-using-array.js":{"v8_v6.10.1":53.316822,"v8_7.10.0":52.016101,"v8_7.10.0_ignition":53.791715,"v8_v8.0.0-nightly201705029802d466cc":53.553781,"v8_v8.0.0-nightly201705029802d466cc_ignition":48.903672,"chakra_v8.0.0-nightly201705037f33b4cbf3":66.149974},"./tests/for-in-loop-with-outer-scope-key.js":{"v8_v6.10.1":56.740273,"v8_7.10.0":54.151229,"v8_7.10.0_ignition":56.931337,"v8_v8.0.0-nightly201705029802d466cc":49.704621,"v8_v8.0.0-nightly201705029802d466cc_ignition":50.602749,"chakra_v8.0.0-nightly201705037f33b4cbf3":61.46134},"./tests/for-in-loop-without-simple-enumerable.js":{"v8_v6.10.1":60.082298,"v8_7.10.0":54.741531,"v8_7.10.0_ignition":54.796651,"v8_v8.0.0-nightly201705029802d466cc":51.631005,"v8_v8.0.0-nightly201705029802d466cc_ignition":50.286344,"chakra_v8.0.0-nightly201705037f33b4cbf3":66.431485},"./tests/for-in-loop.js":{"v8_v6.10.1":57.533581,"v8_7.10.0":56.860081,"v8_7.10.0_ignition":54.243333,"v8_v8.0.0-nightly201705029802d466cc":51.500818,"v8_v8.0.0-nightly201705029802d466cc_ignition":50.183977,"chakra_v8.0.0-nightly201705037f33b4cbf3":65.553264},"./tests/input-multiple-classes.js":{"v8_v6.10.1":55.154432,"v8_7.10.0":61.849344,"v8_7.10.0_ignition":55.732036,"v8_v8.0.0-nightly201705029802d466cc":53.578274,"v8_v8.0.0-nightly201705029802d466cc_ignition":51.119779,"chakra_v8.0.0-nightly201705037f33b4cbf3":68.113658},"./tests/input-multiple-shadow-class.js":{"v8_v6.10.1":59.147843,"v8_7.10.0":54.46199,"v8_7.10.0_ignition":55.474374,"v8_v8.0.0-nightly201705029802d466cc":52.430849,"v8_v8.0.0-nightly201705029802d466cc_ignition":50.998052,"chakra_v8.0.0-nightly201705037f33b4cbf3":63.733968},"./tests/input-multiple-types.js":{"v8_v6.10.1":59.089598,"v8_7.10.0":64.630947,"v8_7.10.0_ignition":54.415016,"v8_v8.0.0-nightly201705029802d466cc":55.015035,"v8_v8.0.0-nightly201705029802d466cc_ignition":49.575379,"chakra_v8.0.0-nightly201705037f33b4cbf3":65.875517},"./tests/leaks-arguments-via-closure.js":{"v8_v6.10.1":59.94863,"v8_7.10.0":54.674564,"v8_7.10.0_ignition":55.785038,"v8_v8.0.0-nightly201705029802d466cc":53.372393,"v8_v8.0.0-nightly201705029802d466cc_ignition":49.146449,"chakra_v8.0.0-nightly201705037f33b4cbf3":68.415056},"./tests/manually-copy-arguments.js":{"v8_v6.10.1":60.598784,"v8_7.10.0":54.136038,"v8_7.10.0_ignition":52.933548,"v8_v8.0.0-nightly201705029802d466cc":50.745926,"v8_v8.0.0-nightly201705029802d466cc_ignition":54.459123,"chakra_v8.0.0-nightly201705037f33b4cbf3":62.040463},"./tests/nested-functions.js":{"v8_v6.10.1":57.465918,"v8_7.10.0":53.784521,"v8_7.10.0_ignition":53.137303,"v8_v8.0.0-nightly201705029802d466cc":50.440784,"v8_v8.0.0-nightly201705029802d466cc_ignition":50.375847,"chakra_v8.0.0-nightly201705037f33b4cbf3":60.903941},"./tests/noop.js":{"v8_v6.10.1":57.107384,"v8_7.10.0":51.586513,"v8_7.10.0_ignition":59.642316,"v8_v8.0.0-nightly201705029802d466cc":51.721199,"v8_v8.0.0-nightly201705029802d466cc_ignition":48.841997,"chakra_v8.0.0-nightly201705037f33b4cbf3":69.94697},"./tests/object-literal-with-getter.js":{"v8_v6.10.1":57.634292,"v8_7.10.0":55.592023,"v8_7.10.0_ignition":54.985586,"v8_v8.0.0-nightly201705029802d466cc":55.516513,"v8_v8.0.0-nightly201705029802d466cc_ignition":49.192756,"chakra_v8.0.0-nightly201705037f33b4cbf3":68.22117},"./tests/object-literal-with-setter.js":{"v8_v6.10.1":57.223458,"v8_7.10.0":53.901049,"v8_7.10.0_ignition":57.319459,"v8_v8.0.0-nightly201705029802d466cc":53.186246,"v8_v8.0.0-nightly201705029802d466cc_ignition":49.89113,"chakra_v8.0.0-nightly201705037f33b4cbf3":63.244168},"./tests/overwrite-named-arg-and-reading-arguments.js":{"v8_v6.10.1":58.96658,"v8_7.10.0":54.284792,"v8_7.10.0_ignition":56.967629,"v8_v8.0.0-nightly201705029802d466cc":49.13602,"v8_v8.0.0-nightly201705029802d466cc_ignition":49.877569,"chakra_v8.0.0-nightly201705037f33b4cbf3":63.359113},"./tests/overwrite-named-arg.js":{"v8_v6.10.1":55.134387,"v8_7.10.0":57.550814,"v8_7.10.0_ignition":53.159968,"v8_v8.0.0-nightly201705029802d466cc":55.971425,"v8_v8.0.0-nightly201705029802d466cc_ignition":49.039032,"chakra_v8.0.0-nightly201705037f33b4cbf3":67.086734},"./tests/pass-arguments-to-call.js":{"v8_v6.10.1":63.735409,"v8_7.10.0":59.002346,"v8_7.10.0_ignition":59.277318,"v8_v8.0.0-nightly201705029802d466cc":55.216646,"v8_v8.0.0-nightly201705029802d466cc_ignition":50.425222,"chakra_v8.0.0-nightly201705037f33b4cbf3":65.027076},"./tests/promises.js":{"v8_v6.10.1":66.278034,"v8_7.10.0":59.601316,"v8_7.10.0_ignition":60.06773,"v8_v8.0.0-nightly201705029802d466cc":53.379499,"v8_v8.0.0-nightly201705029802d466cc_ignition":53.245982,"chakra_v8.0.0-nightly201705037f33b4cbf3":69.017875},"./tests/rest-parameters.js":{"v8_v6.10.1":56.36282,"v8_7.10.0":65.067202,"v8_7.10.0_ignition":58.354051,"v8_v8.0.0-nightly201705029802d466cc":49.75881,"v8_v8.0.0-nightly201705029802d466cc_ignition":48.888866,"chakra_v8.0.0-nightly201705037f33b4cbf3":77.532467},"./tests/return-arguments.js":{"v8_v6.10.1":92.017004,