{"./tests/access-non-existent-arguments-index.js":{"v8_6.10.1":53.739204,"v8_7.10.0":52.243142,"v8_7.10.0_turbo_ignition":49.212798,"v8_v8.0.0-nightly201705043f48ab3042":49.570906,"v8_v8.0.0-nightly201705043f48ab3042_turbo_ignition":47.72284,"chakra_v8.0.0-nightly20170415265fc0bedc":63.14463,"chakra_v8.0.0-nightly20170505fe44f54949":62.104742},"./tests/access-valid-arguments-index.js":{"v8_6.10.1":53.473438,"v8_7.10.0":54.176568,"v8_7.10.0_turbo_ignition":51.900108,"v8_v8.0.0-nightly201705043f48ab3042":49.372097,"v8_v8.0.0-nightly201705043f48ab3042_turbo_ignition":47.075635,"chakra_v8.0.0-nightly20170415265fc0bedc":62.311392,"chakra_v8.0.0-nightly20170505fe44f54949":60.480096},"./tests/assign-to-arguments.js":{"v8_6.10.1":56.699303,"v8_7.10.0":51.684207,"v8_7.10.0_turbo_ignition":50.657954,"v8_v8.0.0-nightly201705043f48ab3042":48.935328,"v8_v8.0.0-nightly201705043f48ab3042_turbo_ignition":49.720526,"chakra_v8.0.0-nightly20170415265fc0bedc":63.237643,"chakra_v8.0.0-nightly20170505fe44f54949":60.871274},"./tests/async-await.js":{"v8_6.10.1":"Command failed: /home/vladimir/.nvm/versions/node/v6.10.1/bin/node ./tests/async-await.js 1000\n/media/vladimir/DATA/Projects/node_engine_bench/tests/async-await.js:2\nasync function exec(arg) {\n      ^^^^^^^^\nSyntaxError: Unexpected token function\n    at createScript (vm.js:56:10)\n    at Object.runInThisContext (vm.js:97:10)\n    at Module._compile (module.js:542:28)\n    at Object.Module._extensions..js (module.js:579:10)\n    at Module.load (module.js:487:32)\n    at tryModuleLoad (module.js:446:12)\n    at Function.Module._load (module.js:438:3)\n    at Module.runMain (module.js:604:10)\n    at run (bootstrap_node.js:393:7)\n    at startup (bootstrap_node.js:150:9)\n","v8_7.10.0":59.253091,"v8_7.10.0_turbo_ignition":55.323692,"v8_v8.0.0-nightly201705043f48ab3042":53.396461,"v8_v8.0.0-nightly201705043f48ab3042_turbo_ignition":49.937667,"chakra_v8.0.0-nightly20170415265fc0bedc":73.510202,"chakra_v8.0.0-nightly20170505fe44f54949":76.466868},"./tests/bound-funtion.js":{"v8_6.10.1":51.775946,"v8_7.10.0":52.58086,"v8_7.10.0_turbo_ignition":48.577004,"v8_v8.0.0-nightly201705043f48ab3042":48.714723,"v8_v8.0.0-nightly201705043f48ab3042_turbo_ignition":46.628417,"chakra_v8.0.0-nightly20170415265fc0bedc":61.704772,"chakra_v8.0.0-nightly20170505fe44f54949":58.385408},"./tests/calls-bind.js":{"v8_6.10.1":53.631938,"v8_7.10.0":53.150943,"v8_7.10.0_turbo_ignition":49.541347,"v8_v8.0.0-nightly201705043f48ab3042":48.0365,"v8_v8.0.0-nightly201705043f48ab3042_turbo_ignition":48.56246,"chakra_v8.0.0-nightly20170415265fc0bedc":60.905077,"chakra_v8.0.0-nightly20170505fe44f54949":60.272173},"./tests/closure-function.js":{"v8_6.10.1":56.099624,"v8_7.10.0":48.270287,"v8_7.10.0_turbo_ignition":55.231366,"v8_v8.0.0-nightly201705043f48ab3042":50.266888,"v8_v8.0.0-nightly201705043f48ab3042_turbo_ignition":51.150955,"chakra_v8.0.0-nightly20170415265fc0bedc":59.556577,"chakra_v8.0.0-nightly20170505fe44f54949":60.625378},"./tests/debugger.js":{"v8_6.10.1":53.444798,"v8_7.10.0":54.25437,"v8_7.10.0_turbo_ignition":54.104021,"v8_v8.0.0-nightly201705043f48ab3042":55.703576,"v8_v8.0.0-nightly201705043f48ab3042_turbo_ignition":50.956984,"chakra_v8.0.0-nightly20170415265fc0bedc":66.261757,"chakra_v8.0.0-nightly20170505fe44f54949":69.021341},"./tests/eval.js":{"v8_6.10.1":57.07767,"v8_7.10.0":54.811234,"v8_7.10.0_turbo_ignition":53.504343,"v8_v8.0.0-nightly201705043f48ab3042":48.971308,"v8_v8.0.0-nightly201705043f48ab3042_turbo_ignition":46.736551,"chakra_v8.0.0-nightly20170415265fc0bedc":60.936536,"chakra_v8.0.0-nightly20170505fe44f54949":69.294219},"./tests/for-in-loop-using-array.js":{"v8_6.10.1":51.81557,"v8_7.10.0":54.800466,"v8_7.10.0_turbo_ignition":51.287212,"v8_v8.0.0-nightly201705043f48ab3042":52.017766,"v8_v8.0.0-nightly201705043f48ab3042_turbo_ignition":45.703665,"chakra_v8.0.0-nightly20170415265fc0bedc":66.932803,"chakra_v8.0.0-nightly20170505fe44f54949":63.208815},"./tests/for-in-loop-with-outer-scope-key.js":{"v8_6.10.1":53.560256,"v8_7.10.0":50.689468,"v8_7.10.0_turbo_ignition":51.164415,"v8_v8.0.0-nightly201705043f48ab3042":48.203379,"v8_v8.0.0-nightly201705043f48ab3042_turbo_ignition":46.445482,"chakra_v8.0.0-nightly20170415265fc0bedc":60.481165,"chakra_v8.0.0-nightly20170505fe44f54949":61.336725},"./tests/for-in-loop-without-simple-enumerable.js":{"v8_6.10.1":56.594565,"v8_7.10.0":54.041274,"v8_7.10.0_turbo_ignition":56.305291,"v8_v8.0.0-nightly201705043f48ab3042":53.308406,"v8_v8.0.0-nightly201705043f48ab3042_turbo_ignition":56.551491,"chakra_v8.0.0-nightly20170415265fc0bedc":61.54139,"chakra_v8.0.0-nightly20170505fe44f54949":61.799929},"./tests/for-in-loop.js":{"v8_6.10.1":56.20441,"v8_7.10.0":52.83035,"v8_7.10.0_turbo_ignition":52.458705,"v8_v8.0.0-nightly201705043f48ab3042":49.654311,"v8_v8.0.0-nightly201705043f48ab3042_turbo_ignition":48.307449,"chakra_v8.0.0-nightly20170415265fc0bedc":62.325719,"chakra_v8.0.0-nightly20170505fe44f54949":65.271033},"./tests/input-multiple-classes.js":{"v8_6.10.1":54.859759,"v8_7.10.0":54.080908,"v8_7.10.0_turbo_ignition":50.091667,"v8_v8.0.0-nightly201705043f48ab3042":51.216142,"v8_v8.0.0-nightly201705043f48ab3042_turbo_ignition":47.197605,"chakra_v8.0.0-nightly20170415265fc0bedc":63.16751,"chakra_v8.0.0-nightly20170505fe44f54949":60.927281},"./tests/input-multiple-shadow-class.js":{"v8_6.10.1":56.522767,"v8_7.10.0":56.135112,"v8_7.10.0_turbo_ignition":49.934645,"v8_v8.0.0-nightly201705043f48ab3042":49.535216,"v8_v8.0.0-nightly201705043f48ab3042_turbo_ignition":47.993125,"chakra_v8.0.0-nightly20170415265fc0bedc":64.875662,"chakra_v8.0.0-nightly20170505fe44f54949":60.353681},"./tests/input-multiple-types.js":{"v8_6.10.1":57.386114,"v8_7.10.0":51.429434,"v8_7.10.0_turbo_ignition":51.258962,"v8_v8.0.0-nightly201705043f48ab3042":48.693397,"v8_v8.0.0-nightly201705043f48ab3042_turbo_ignition":48.552924,"chakra_v8.0.0-nightly20170415265fc0bedc":60.343541,"chakra_v8.0.0-nightly20170505fe44f54949":62.22755},"./tests/leaks-arguments-via-closure.js":{"v8_6.10.1":53.25884,"v8_7.10.0":49.959239,"v8_7.10.0_turbo_ignition":47.591064,"v8_v8.0.0-nightly201705043f48ab3042":49.096368,"v8_v8.0.0-nightly201705043f48ab3042_turbo_ignition":45.953265,"chakra_v8.0.0-nightly20170415265fc0bedc":63.433005,"chakra_v8.0.0-nightly20170505fe44f54949":64.021219},"./tests/manually-copy-arguments.js":{"v8_6.10.1":53.438619,"v8_7.10.0":50.255846,"v8_7.10.0_turbo_ignition":49.115708,"v8_v8.0.0-nightly201705043f48ab3042":50.51849,"v8_v8.0.0-nightly201705043f48ab3042_turbo_ignition":46.786874,"chakra_v8.0.0-nightly20170415265fc0bedc":65.677847,"chakra_v8.0.0-nightly20170505fe44f54949":61.153724},"./tests/nested-functions.js":{"v8_6.10.1":52.015442,"v8_7.10.0":50.147478,"v8_7.10.0_turbo_ignition":52.678865,"v8_v8.0.0-nightly201705043f48ab3042":46.801843,"v8_v8.0.0-nightly201705043f48ab3042_turbo_ignition":49.296098,"chakra_v8.0.0-nightly20170415265fc0bedc":59.963908,"chakra_v8.0.0-nightly20170505fe44f54949":61.650322},"./tests/noop.js":{"v8_6.10.1":51.766062,"v8_7.10.0":53.393483,"v8_7.10.0_turbo_ignition":50.408859,"v8_v8.0.0-nightly201705043f48ab3042":51.864165,"v8_v8.0.0-nightly201705043f48ab3042_turbo_ignition":47.626365,"chakra_v8.0.0-nightly20170415265fc0bedc":61.984241,"chakra_v8.0.0-nightly20170505fe44f54949":61.904392},"./tests/object-literal-with-getter.js":{"v8_6.10.1":52.95158,"v8_7.10.0":53.813732,"v8_7.10.0_turbo_ignition":50.871161,"v8_v8.0.0-nightly201705043f48ab3042":54.797583,"v8_v8.0.0-nightly201705043f48ab3042_turbo_ignition":48.31204,"chakra_v8.0.0-nightly20170415265fc0bedc":62.589265,"chakra_v8.0.0-nightly20170505fe44f54949":60.469334},"./tests/object-literal-with-setter.js":{"v8_6.10.1":53.739451,"v8_7.10.0":50.488202,"v8_7.10.0_turbo_ignition":53.748284,"v8_v8.0.0-nightly201705043f48ab3042":49.036263,"v8_v8.0.0-nightly201705043f48ab3042_turbo_ignition":48.54285,"chakra_v8.0.0-nightly20170415265fc0bedc":64.096078,"chakra_v8.0.0-nightly20170505fe44f54949":61.55131},