{"./tests/access-non-existent-arguments-index.js":{"v8_v6.10.1":60.152894,"v8_7.10.0":54.834964,"v8_7.10.0_ignition":54.297279,"v8_v8.0.0-nightly201705029802d466cc":50.329895,"v8_v8.0.0-nightly201705029802d466cc_ignition":51.220932,"chakra_v8.0.0-nightly201705037f33b4cbf3":72.369095},"./tests/access-valid-arguments-index.js":{"v8_v6.10.1":53.438152,"v8_7.10.0":55.420867,"v8_7.10.0_ignition":55.152052,"v8_v8.0.0-nightly201705029802d466cc":49.831936,"v8_v8.0.0-nightly201705029802d466cc_ignition":51.026653,"chakra_v8.0.0-nightly201705037f33b4cbf3":60.042443},"./tests/assign-to-arguments.js":{"v8_v6.10.1":54.895412,"v8_7.10.0":57.333075,"v8_7.10.0_ignition":56.887505,"v8_v8.0.0-nightly201705029802d466cc":51.664053,"v8_v8.0.0-nightly201705029802d466cc_ignition":52.103962,"chakra_v8.0.0-nightly201705037f33b4cbf3":61.498688},"./tests/async-await.js":{"v8_v6.10.1":"Command failed: /home/vladimir/.nvm/versions/node/v6.10.1/bin/node ./tests/async-await.js 10000\n/media/vladimir/DATA/Projects/node_engine_bench/tests/async-await.js:2\nasync function exec(arg) {\n      ^^^^^^^^\nSyntaxError: Unexpected token function\n    at createScript (vm.js:56:10)\n    at Object.runInThisContext (vm.js:97:10)\n    at Module._compile (module.js:542:28)\n    at Object.Module._extensions..js (module.js:579:10)\n    at Module.load (module.js:487:32)\n    at tryModuleLoad (module.js:446:12)\n    at Function.Module._load (module.js:438:3)\n    at Module.runMain (module.js:604:10)\n    at run (bootstrap_node.js:393:7)\n    at startup (bootstrap_node.js:150:9)\n","v8_7.10.0":89.305855,"v8_7.10.0_ignition":102.64459,"v8_v8.0.0-nightly201705029802d466cc":72.514561,"v8_v8.0.0-nightly201705029802d466cc_ignition":72.739062,"chakra_v8.0.0-nightly201705037f33b4cbf3":223.711206},"./tests/bound-funtion.js":{"v8_v6.10.1":54.841124,"v8_7.10.0":51.800503,"v8_7.10.0_ignition":54.147428,"v8_v8.0.0-nightly201705029802d466cc":54.310377,"v8_v8.0.0-nightly201705029802d466cc_ignition":49.805891,"chakra_v8.0.0-nightly201705037f33b4cbf3":64.474131},"./tests/calls-bind.js":{"v8_v6.10.1":65.340324,"v8_7.10.0":57.037268,"v8_7.10.0_ignition":54.604505,"v8_v8.0.0-nightly201705029802d466cc":54.457031,"v8_v8.0.0-nightly201705029802d466cc_ignition":51.819171,"chakra_v8.0.0-nightly201705037f33b4cbf3":64.45627},"./tests/closure-function.js":{"v8_v6.10.1":55.972331,"v8_7.10.0":52.979698,"v8_7.10.0_ignition":52.540473,"v8_v8.0.0-nightly201705029802d466cc":53.527154,"v8_v8.0.0-nightly201705029802d466cc_ignition":50.080794,"chakra_v8.0.0-nightly201705037f33b4cbf3":61.270232},"./tests/debugger.js":{"v8_v6.10.1":56.960098,"v8_7.10.0":56.75598,"v8_7.10.0_ignition":54.839002,"v8_v8.0.0-nightly201705029802d466cc":53.026999,"v8_v8.0.0-nightly201705029802d466cc_ignition":49.495652,"chakra_v8.0.0-nightly201705037f33b4cbf3":64.492892},"./tests/eval.js":{"v8_v6.10.1":60.497679,"v8_7.10.0":58.114562,"v8_7.10.0_ignition":61.533822,"v8_v8.0.0-nightly201705029802d466cc":54.248249,"v8_v8.0.0-nightly201705029802d466cc_ignition":54.15432,"chakra_v8.0.0-nightly201705037f33b4cbf3":79.880115},"./tests/for-in-loop-using-array.js":{"v8_v6.10.1":60.9971,"v8_7.10.0":56.492301,"v8_7.10.0_ignition":63.76282,"v8_v8.0.0-nightly201705029802d466cc":58.187959,"v8_v8.0.0-nightly201705029802d466cc_ignition":53.33844,"chakra_v8.0.0-nightly201705037f33b4cbf3":73.772634},"./tests/for-in-loop-with-outer-scope-key.js":{"v8_v6.10.1":57.960028,"v8_7.10.0":53.618214,"v8_7.10.0_ignition":55.29429,"v8_v8.0.0-nightly201705029802d466cc":51.123513,"v8_v8.0.0-nightly201705029802d466cc_ignition":51.046914,"chakra_v8.0.0-nightly201705037f33b4cbf3":60.174312},"./tests/for-in-loop-without-simple-enumerable.js":{"v8_v6.10.1":65.295422,"v8_7.10.0":57.919523,"v8_7.10.0_ignition":56.34313,"v8_v8.0.0-nightly201705029802d466cc":65.105599,"v8_v8.0.0-nightly201705029802d466cc_ignition":56.501355,"chakra_v8.0.0-nightly201705037f33b4cbf3":60.24071},"./tests/for-in-loop.js":{"v8_v6.10.1":57.273749,"v8_7.10.0":55.796767,"v8_7.10.0_ignition":54.80416,"v8_v8.0.0-nightly201705029802d466cc":52.1657,"v8_v8.0.0-nightly201705029802d466cc_ignition":50.641997,"chakra_v8.0.0-nightly201705037f33b4cbf3":60.720883},"./tests/input-multiple-classes.js":{"v8_v6.10.1":61.192232,"v8_7.10.0":72.675907,"v8_7.10.0_ignition":82.978333,"v8_v8.0.0-nightly201705029802d466cc":64.787458,"v8_v8.0.0-nightly201705029802d466cc_ignition":59.24463,"chakra_v8.0.0-nightly201705037f33b4cbf3":69.884973},"./tests/input-multiple-shadow-class.js":{"v8_v6.10.1":65.494112,"v8_7.10.0":77.502823,"v8_7.10.0_ignition":63.461053,"v8_v8.0.0-nightly201705029802d466cc":57.916154,"v8_v8.0.0-nightly201705029802d466cc_ignition":61.827843,"chakra_v8.0.0-nightly201705037f33b4cbf3":74.944836},"./tests/input-multiple-types.js":{"v8_v6.10.1":64.209006,"v8_7.10.0":61.608822,"v8_7.10.0_ignition":178.872584,"v8_v8.0.0-nightly201705029802d466cc":64.944968,"v8_v8.0.0-nightly201705029802d466cc_ignition":57.453459,"chakra_v8.0.0-nightly201705037f33b4cbf3":66.486651},"./tests/leaks-arguments-via-closure.js":{"v8_v6.10.1":64.675851,"v8_7.10.0":56.272684,"v8_7.10.0_ignition":59.236129,"v8_v8.0.0-nightly201705029802d466cc":51.649332,"v8_v8.0.0-nightly201705029802d466cc_ignition":51.461278,"chakra_v8.0.0-nightly201705037f33b4cbf3":80.422609},"./tests/manually-copy-arguments.js":{"v8_v6.10.1":57.6226,"v8_7.10.0":59.467759,"v8_7.10.0_ignition":58.230025,"v8_v8.0.0-nightly201705029802d466cc":55.378619,"v8_v8.0.0-nightly201705029802d466cc_ignition":50.728031,"chakra_v8.0.0-nightly201705037f33b4cbf3":66.177064},"./tests/nested-functions.js":{"v8_v6.10.1":55.223778,"v8_7.10.0":65.970431,"v8_7.10.0_ignition":61.706074,"v8_v8.0.0-nightly201705029802d466cc":75.968771,"v8_v8.0.0-nightly201705029802d466cc_ignition":54.070036,"chakra_v8.0.0-nightly201705037f33b4cbf3":62.89197},"./tests/noop.js":{"v8_v6.10.1":53.695811,"v8_7.10.0":51.793044,"v8_7.10.0_ignition":51.997416,"v8_v8.0.0-nightly201705029802d466cc":49.531636,"v8_v8.0.0-nightly201705029802d466cc_ignition":48.048025,"chakra_v8.0.0-nightly201705037f33b4cbf3":59.090389},"./tests/object-literal-with-getter.js":{"v8_v6.10.1":64.792708,"v8_7.10.0":61.957234,"v8_7.10.0_ignition":67.073559,"v8_v8.0.0-nightly201705029802d466cc":59.725896,"v8_v8.0.0-nightly201705029802d466cc_ignition":64.54598,"chakra_v8.0.0-nightly201705037f33b4cbf3":73.213149},"./tests/object-literal-with-setter.js":{"v8_v6.10.1":64.330876,"v8_7.10.0":59.840678,"v8_7.10.0_ignition":60.514012,"v8_v8.0.0-nightly201705029802d466cc":63.4888,"v8_v8.0.0-nightly201705029802d466cc_ignition":59.632377,"chakra_v8.0.0-nightly201705037f33b4cbf3":76.821427},"./tests/overwrite-named-arg-and-reading-arguments.js":{"v8_v6.10.1":56.89059,"v8_7.10.0":54.355839,"v8_7.10.0_ignition":60.010519,"v8_v8.0.0-nightly201705029802d466cc":51.228623,"v8_v8.0.0-nightly201705029802d466cc_ignition":55.344623,"chakra_v8.0.0-nightly201705037f33b4cbf3":63.168008},"./tests/overwrite-named-arg.js":{"v8_v6.10.1":56.849962,"v8_7.10.0":63.040562,"v8_7.10.0_ignition":53.759703,"v8_v8.0.0-nightly201705029802d466cc":51.307552,"v8_v8.0.0-nightly201705029802d466cc_ignition":52.081586,"chakra_v8.0.0-nightly201705037f33b4cbf3":59.734373},"./tests/pass-arguments-to-call.js":{"v8_v6.10.1":79.915162,"v8_7.10.0":69.206181,"v8_7.10.0_ignition":78.99455,"v8_v8.0.0-nightly201705029802d466cc":67.993264,"v8_v8.0.0-nightly201705029802d466cc_ignition":67.170414,"chakra_v8.0.0-nightly201705037f33b4cbf3":87.825625},"./tests/promises.js":{"v8_v6.10.1":101.828537,"v8_7.10.0":81.417802,"v8_7.10.0_ignition":88.002301,"v8_v8.0.0-nightly201705029802d466cc":57.660745,"v8_v8.0.0-nightly201705029802d466cc_ignition":60.446128,"chakra_v8.0.0-nightly201705037f33b4cbf3":114.350608},"./tests/rest-parameters.js":{"v8_v6.10.1":55.242325,"v8_7.10.0":53.11909,"v8_7.10.0_ignition":51.619806,"v8_v8.0.0-nightly201705029802d466cc":50.740553,"v8_v8.0.0-nightly201705029802d466cc_ignition":50.409294,"chakra_v8.0.0-nightly201705037f33b4cbf3":60.938224},"./tests/return-arguments.js":{"v8_v6.10.1":1496.870568,