{"./tests/access-non-existent-arguments-index.js":{"v8_6.10.1":57.639739,"v8_7.10.0":55.730818,"v8_7.10.0_turbo_ignition":53.688452,"v8_8.0.0-nightly201705029802d466cc":47.822739,"v8_8.0.0-nightly201705029802d466cc_turbo_ignition":45.63095,"chakra_v8.0.0-nightly201705037f33b4cbf3":57.740502},"./tests/access-valid-arguments-index.js":{"v8_6.10.1":53.249793,"v8_7.10.0":48.944694,"v8_7.10.0_turbo_ignition":48.828018,"v8_8.0.0-nightly201705029802d466cc":47.341896,"v8_8.0.0-nightly201705029802d466cc_turbo_ignition":47.758879,"chakra_v8.0.0-nightly201705037f33b4cbf3":61.585525},"./tests/assign-to-arguments.js":{"v8_6.10.1":55.562766,"v8_7.10.0":49.721375,"v8_7.10.0_turbo_ignition":53.252515,"v8_8.0.0-nightly201705029802d466cc":51.075089,"v8_8.0.0-nightly201705029802d466cc_turbo_ignition":47.68675,"chakra_v8.0.0-nightly201705037f33b4cbf3":63.931515},"./tests/async-await.js":{"v8_6.10.1":"Command failed: /home/vladimir/.nvm/versions/node/v6.10.1/bin/node ./tests/async-await.js 100\n/media/vladimir/DATA/Projects/node_engine_bench/tests/async-await.js:2\nasync function exec(arg) {\n      ^^^^^^^^\nSyntaxError: Unexpected token function\n    at createScript (vm.js:56:10)\n    at Object.runInThisContext (vm.js:97:10)\n    at Module._compile (module.js:542:28)\n    at Object.Module._extensions..js (module.js:579:10)\n    at Module.load (module.js:487:32)\n    at tryModuleLoad (module.js:446:12)\n    at Function.Module._load (module.js:438:3)\n    at Module.runMain (module.js:604:10)\n    at run (bootstrap_node.js:393:7)\n    at startup (bootstrap_node.js:150:9)\n","v8_7.10.0":50.431663,"v8_7.10.0_turbo_ignition":51.836236,"v8_8.0.0-nightly201705029802d466cc":47.488751,"v8_8.0.0-nightly201705029802d466cc_turbo_ignition":49.007778,"chakra_v8.0.0-nightly201705037f33b4cbf3":59.142205},"./tests/bound-funtion.js":{"v8_6.10.1":55.921749,"v8_7.10.0":52.400917,"v8_7.10.0_turbo_ignition":57.359645,"v8_8.0.0-nightly201705029802d466cc":49.942648,"v8_8.0.0-nightly201705029802d466cc_turbo_ignition":49.749263,"chakra_v8.0.0-nightly201705037f33b4cbf3":58.428168},"./tests/calls-bind.js":{"v8_6.10.1":52.089663,"v8_7.10.0":55.376683,"v8_7.10.0_turbo_ignition":55.877937,"v8_8.0.0-nightly201705029802d466cc":47.895649,"v8_8.0.0-nightly201705029802d466cc_turbo_ignition":45.488764,"chakra_v8.0.0-nightly201705037f33b4cbf3":63.822891},"./tests/closure-function.js":{"v8_6.10.1":52.263345,"v8_7.10.0":49.328044,"v8_7.10.0_turbo_ignition":52.061246,"v8_8.0.0-nightly201705029802d466cc":52.571349,"v8_8.0.0-nightly201705029802d466cc_turbo_ignition":45.194557,"chakra_v8.0.0-nightly201705037f33b4cbf3":61.788322},"./tests/debugger.js":{"v8_6.10.1":51.180628,"v8_7.10.0":51.633196,"v8_7.10.0_turbo_ignition":53.989559,"v8_8.0.0-nightly201705029802d466cc":55.845538,"v8_8.0.0-nightly201705029802d466cc_turbo_ignition":49.999797,"chakra_v8.0.0-nightly201705037f33b4cbf3":65.992658},"./tests/eval.js":{"v8_6.10.1":55.908029,"v8_7.10.0":52.174377,"v8_7.10.0_turbo_ignition":48.82581,"v8_8.0.0-nightly201705029802d466cc":50.689725,"v8_8.0.0-nightly201705029802d466cc_turbo_ignition":46.788322,"chakra_v8.0.0-nightly201705037f33b4cbf3":59.4979},"./tests/for-in-loop-using-array.js":{"v8_6.10.1":52.954358,"v8_7.10.0":54.242678,"v8_7.10.0_turbo_ignition":65.747341,"v8_8.0.0-nightly201705029802d466cc":49.694356,"v8_8.0.0-nightly201705029802d466cc_turbo_ignition":53.801723,"chakra_v8.0.0-nightly201705037f33b4cbf3":60.838525},"./tests/for-in-loop-with-outer-scope-key.js":{"v8_6.10.1":54.806426,"v8_7.10.0":52.377029,"v8_7.10.0_turbo_ignition":54.383299,"v8_8.0.0-nightly201705029802d466cc":48.081312,"v8_8.0.0-nightly201705029802d466cc_turbo_ignition":47.818044,"chakra_v8.0.0-nightly201705037f33b4cbf3":70.140467},"./tests/for-in-loop-without-simple-enumerable.js":{"v8_6.10.1":64.582745,"v8_7.10.0":54.554017,"v8_7.10.0_turbo_ignition":67.739229,"v8_8.0.0-nightly201705029802d466cc":55.684504,"v8_8.0.0-nightly201705029802d466cc_turbo_ignition":51.018417,"chakra_v8.0.0-nightly201705037f33b4cbf3":69.524919},"./tests/for-in-loop.js":{"v8_6.10.1":61.18929,"v8_7.10.0":63.448049,"v8_7.10.0_turbo_ignition":65.736449,"v8_8.0.0-nightly201705029802d466cc":57.347323,"v8_8.0.0-nightly201705029802d466cc_turbo_ignition":52.601345,"chakra_v8.0.0-nightly201705037f33b4cbf3":69.40327},"./tests/input-multiple-classes.js":{"v8_6.10.1":55.479585,"v8_7.10.0":55.67422,"v8_7.10.0_turbo_ignition":52.532047,"v8_8.0.0-nightly201705029802d466cc":59.718945,"v8_8.0.0-nightly201705029802d466cc_turbo_ignition":57.650361,"chakra_v8.0.0-nightly201705037f33b4cbf3":63.277277},"./tests/input-multiple-shadow-class.js":{"v8_6.10.1":62.537671,"v8_7.10.0":56.897218,"v8_7.10.0_turbo_ignition":60.17616,"v8_8.0.0-nightly201705029802d466cc":60.942279,"v8_8.0.0-nightly201705029802d466cc_turbo_ignition":57.001714,"chakra_v8.0.0-nightly201705037f33b4cbf3":65.893357},"./tests/input-multiple-types.js":{"v8_6.10.1":52.737451,"v8_7.10.0":48.534515,"v8_7.10.0_turbo_ignition":54.093953,"v8_8.0.0-nightly201705029802d466cc":50.56106,"v8_8.0.0-nightly201705029802d466cc_turbo_ignition":49.541954,"chakra_v8.0.0-nightly201705037f33b4cbf3":61.514603},"./tests/leaks-arguments-via-closure.js":{"v8_6.10.1":53.830964,"v8_7.10.0":60.583477,"v8_7.10.0_turbo_ignition":51.369062,"v8_8.0.0-nightly201705029802d466cc":53.505457,"v8_8.0.0-nightly201705029802d466cc_turbo_ignition":47.778324,"chakra_v8.0.0-nightly201705037f33b4cbf3":64.986943},"./tests/manually-copy-arguments.js":{"v8_6.10.1":58.641805,"v8_7.10.0":52.795148,"v8_7.10.0_turbo_ignition":60.361607,"v8_8.0.0-nightly201705029802d466cc":50.973848,"v8_8.0.0-nightly201705029802d466cc_turbo_ignition":56.281725,"chakra_v8.0.0-nightly201705037f33b4cbf3":66.365279},"./tests/nested-functions.js":{"v8_6.10.1":59.099839,"v8_7.10.0":66.970487,"v8_7.10.0_turbo_ignition":66.071785,"v8_8.0.0-nightly201705029802d466cc":56.434164,"v8_8.0.0-nightly201705029802d466cc_turbo_ignition":52.343202,"chakra_v8.0.0-nightly201705037f33b4cbf3":66.825019},"./tests/noop.js":{"v8_6.10.1":60.240722,"v8_7.10.0":60.506043,"v8_7.10.0_turbo_ignition":63.860593,"v8_8.0.0-nightly201705029802d466cc":66.597262,"v8_8.0.0-nightly201705029802d466cc_turbo_ignition":49.477401,"chakra_v8.0.0-nightly201705037f33b4cbf3":62.069256},"./tests/object-literal-with-getter.js":{"v8_6.10.1":56.064623,"v8_7.10.0":55.336937,"v8_7.10.0_turbo_ignition":56.020245,"v8_8.0.0-nightly201705029802d466cc":51.447876,"v8_8.0.0-nightly201705029802d466cc_turbo_ignition":49.248595,"chakra_v8.0.0-nightly201705037f33b4cbf3":61.836922},"./tests/object-literal-with-setter.js":{"v8_6.10.1":58.999115,"v8_7.10.0":54.751075,"v8_7.10.0_turbo_ignition":54.973816,"v8_8.0.0-nightly201705029802d466cc":48.413111,"v8_8.0.0-nightly201705029802d466cc_turbo_ignition":50.732976,"chakra_v8.0.0-nightly201705037f33b4cbf3":61.136442},"./tests/overwrite-named-arg-and-reading-arguments.js":{"v8_6.10.1":57.099832,"v8_7.10.0":53.062636,"v8_7.10.0_turbo_ignition":51.78947,"v8_8.0.0-nightly201705029802d466cc":49.912361,"v8_8.0.0-nightly201705029802d466cc_turbo_ignition":48.479122,"chakra_v8.0.0-nightly201705037f33b4cbf3":60.082214},"./tests/overwrite-named-arg.js":{"v8_6.10.1":58.0839,"v8_7.10.0":61.176353,"v8_7.10.0_turbo_ignition":59.59739,"v8_8.0.0-nightly201705029802d466cc":52.824685,"v8_8.0.0-nightly201705029802d466cc_turbo_ignition":48.870835,"chakra_v8.0.0-nightly201705037f33b4cbf3":65.000223},"./tests/pass-arguments-to-call.js":{"v8_6.10.1":65.346602,"v8_7.10.0":60.148657,"v8_7.10.0_turbo_ignition":60.659695,"v8_8.0.0-nightly201705029802d466cc":56.539432,"v8_8.0.0-nightly201705029802d466cc_turbo_ignition":53.261745,"chakra_v8.0.0-nightly201705037f33b4cbf3":69.198782},"./tests/promises.js":{"v8_6.10.1":59.882916,"v8_7.10.0":57.804441,"v8_7.10.0_turbo_ignition":60.442808,"v8_8.0.0-nightly201705029802d466cc":52.438776,"v8_8.0.0-nightly201705029802d466cc_turbo_ignition":48.151587,"chakra_v8.0.0-nightly201705037f33b4cbf3":65.273621},"./tests/rest-parameters.js":{"v8_6.10.1":53.117834,"v8_7.10.0":55.166543,