{"./tests/access-non-existent-arguments-index.js":{"6.10.1_v8":51.204401,"7.10.0_v8":49.512097,"7.10.0_v8_turbo_ignition":50.760409,"8.0.0_v8":50.29903,"8.0.0_v8_turbo_ignition":49.990499,"8.0.0-nightly20170415265fc0bedc_chakra":64.3812,"8.0.0-nightly20170505fe44f54949_chakra":60.116567},"./tests/access-valid-arguments-index.js":{"6.10.1_v8":51.988944,"7.10.0_v8":52.254339,"7.10.0_v8_turbo_ignition":52.052014,"8.0.0_v8":50.969721,"8.0.0_v8_turbo_ignition":48.972767,"8.0.0-nightly20170415265fc0bedc_chakra":62.866771,"8.0.0-nightly20170505fe44f54949_chakra":58.946813},"./tests/assign-to-arguments.js":{"6.10.1_v8":61.765168,"7.10.0_v8":50.889214,"7.10.0_v8_turbo_ignition":52.4135,"8.0.0_v8":49.834782,"8.0.0_v8_turbo_ignition":48.563519,"8.0.0-nightly20170415265fc0bedc_chakra":59.962073,"8.0.0-nightly20170505fe44f54949_chakra":58.440342},"./tests/async-await.js":{"6.10.1_v8":"Command failed: /home/vladimir/.nvm/versions/node/v6.10.1/bin/node ./tests/async-await.js 1000\n/media/vladimir/DATA/Projects/node_engine_bench/tests/async-await.js:2\nasync function exec(arg) {\n      ^^^^^^^^\nSyntaxError: Unexpected token function\n    at createScript (vm.js:56:10)\n    at Object.runInThisContext (vm.js:97:10)\n    at Module._compile (module.js:542:28)\n    at Object.Module._extensions..js (module.js:579:10)\n    at Module.load (module.js:487:32)\n    at tryModuleLoad (module.js:446:12)\n    at Function.Module._load (module.js:438:3)\n    at Module.runMain (module.js:604:10)\n    at run (bootstrap_node.js:393:7)\n    at startup (bootstrap_node.js:150:9)\n","7.10.0_v8":56.58414,"7.10.0_v8_turbo_ignition":56.020755,"8.0.0_v8":50.981091,"8.0.0_v8_turbo_ignition":51.367472,"8.0.0-nightly20170415265fc0bedc_chakra":72.097473,"8.0.0-nightly20170505fe44f54949_chakra":71.731707},"./tests/bound-funtion.js":{"6.10.1_v8":52.623979,"7.10.0_v8":51.321272,"7.10.0_v8_turbo_ignition":54.144981,"8.0.0_v8":50.024622,"8.0.0_v8_turbo_ignition":48.364128,"8.0.0-nightly20170415265fc0bedc_chakra":59.343563,"8.0.0-nightly20170505fe44f54949_chakra":59.807748},"./tests/calls-bind.js":{"6.10.1_v8":55.788652,"7.10.0_v8":50.696906,"7.10.0_v8_turbo_ignition":49.744367,"8.0.0_v8":52.450212,"8.0.0_v8_turbo_ignition":51.331265,"8.0.0-nightly20170415265fc0bedc_chakra":62.473694,"8.0.0-nightly20170505fe44f54949_chakra":61.765942},"./tests/closure-function.js":{"6.10.1_v8":54.109549,"7.10.0_v8":53.952081,"7.10.0_v8_turbo_ignition":50.941803,"8.0.0_v8":50.752373,"8.0.0_v8_turbo_ignition":50.329425,"8.0.0-nightly20170415265fc0bedc_chakra":63.557076,"8.0.0-nightly20170505fe44f54949_chakra":59.642891},"./tests/debugger.js":{"6.10.1_v8":53.407869,"7.10.0_v8":49.295437,"7.10.0_v8_turbo_ignition":51.0524,"8.0.0_v8":48.948928,"8.0.0_v8_turbo_ignition":48.068855,"8.0.0-nightly20170415265fc0bedc_chakra":59.898126,"8.0.0-nightly20170505fe44f54949_chakra":61.744265},"./tests/eval.js":{"6.10.1_v8":54.167338,"7.10.0_v8":52.403016,"7.10.0_v8_turbo_ignition":51.861679,"8.0.0_v8":50.96806,"8.0.0_v8_turbo_ignition":51.28717,"8.0.0-nightly20170415265fc0bedc_chakra":63.029977,"8.0.0-nightly20170505fe44f54949_chakra":66.572517},"./tests/for-in-loop-using-array.js":{"6.10.1_v8":53.669707,"7.10.0_v8":50.693642,"7.10.0_v8_turbo_ignition":50.830475,"8.0.0_v8":49.846857,"8.0.0_v8_turbo_ignition":49.472411,"8.0.0-nightly20170415265fc0bedc_chakra":59.130708,"8.0.0-nightly20170505fe44f54949_chakra":61.084411},"./tests/for-in-loop-with-outer-scope-key.js":{"6.10.1_v8":52.18338,"7.10.0_v8":52.819235,"7.10.0_v8_turbo_ignition":49.643407,"8.0.0_v8":50.236734,"8.0.0_v8_turbo_ignition":46.283021,"8.0.0-nightly20170415265fc0bedc_chakra":58.583444,"8.0.0-nightly20170505fe44f54949_chakra":60.123463},"./tests/for-in-loop-without-simple-enumerable.js":{"6.10.1_v8":53.059077,"7.10.0_v8":51.833013,"7.10.0_v8_turbo_ignition":50.57407,"8.0.0_v8":50.20793,"8.0.0_v8_turbo_ignition":50.89213,"8.0.0-nightly20170415265fc0bedc_chakra":61.125003,"8.0.0-nightly20170505fe44f54949_chakra":59.965139},"./tests/for-in-loop.js":{"6.10.1_v8":53.542972,"7.10.0_v8":50.145695,"7.10.0_v8_turbo_ignition":48.681377,"8.0.0_v8":51.550179,"8.0.0_v8_turbo_ignition":48.696095,"8.0.0-nightly20170415265fc0bedc_chakra":57.541173,"8.0.0-nightly20170505fe44f54949_chakra":59.368502},"./tests/input-multiple-classes.js":{"6.10.1_v8":53.174079,"7.10.0_v8":50.73444,"7.10.0_v8_turbo_ignition":49.909561,"8.0.0_v8":54.187364,"8.0.0_v8_turbo_ignition":51.90711,"8.0.0-nightly20170415265fc0bedc_chakra":62.248248,"8.0.0-nightly20170505fe44f54949_chakra":63.732529},"./tests/input-multiple-shadow-class.js":{"6.10.1_v8":54.268597,"7.10.0_v8":52.63332,"7.10.0_v8_turbo_ignition":54.555612,"8.0.0_v8":50.000341,"8.0.0_v8_turbo_ignition":49.742422,"8.0.0-nightly20170415265fc0bedc_chakra":62.519177,"8.0.0-nightly20170505fe44f54949_chakra":66.476066},"./tests/input-multiple-types.js":{"6.10.1_v8":53.593516,"7.10.0_v8":54.904131,"7.10.0_v8_turbo_ignition":50.655724,"8.0.0_v8":51.267719,"8.0.0_v8_turbo_ignition":49.247221,"8.0.0-nightly20170415265fc0bedc_chakra":59.180884,"8.0.0-nightly20170505fe44f54949_chakra":61.174848},"./tests/leaks-arguments-via-closure.js":{"6.10.1_v8":54.116801,"7.10.0_v8":51.535592,"7.10.0_v8_turbo_ignition":48.995728,"8.0.0_v8":50.170721,"8.0.0_v8_turbo_ignition":48.345727,"8.0.0-nightly20170415265fc0bedc_chakra":61.224172,"8.0.0-nightly20170505fe44f54949_chakra":59.614625},"./tests/manually-copy-arguments.js":{"6.10.1_v8":51.716464,"7.10.0_v8":48.937017,"7.10.0_v8_turbo_ignition":48.52295,"8.0.0_v8":50.466514,"8.0.0_v8_turbo_ignition":48.506252,"8.0.0-nightly20170415265fc0bedc_chakra":59.136473,"8.0.0-nightly20170505fe44f54949_chakra":58.885299},"./tests/nested-functions.js":{"6.10.1_v8":52.629057,"7.10.0_v8":51.248813,"7.10.0_v8_turbo_ignition":50.272239,"8.0.0_v8":51.067845,"8.0.0_v8_turbo_ignition":47.626602,"8.0.0-nightly20170415265fc0bedc_chakra":57.926717,"8.0.0-nightly20170505fe44f54949_chakra":61.379371},"./tests/noop.js":{"6.10.1_v8":51.221476,"7.10.0_v8":50.368539,"7.10.0_v8_turbo_ignition":50.032792,"8.0.0_v8":49.581099,"8.0.0_v8_turbo_ignition":47.999203,"8.0.0-nightly20170415265fc0bedc_chakra":59.608002,"8.0.0-nightly20170505fe44f54949_chakra":59.535191},"./tests/object-literal-with-getter.js":{"6.10.1_v8":54.500499,"7.10.0_v8":52.25585,"7.10.0_v8_turbo_ignition":50.176494,"8.0.0_v8":50.412059,"8.0.0_v8_turbo_ignition":49.951464,"8.0.0-nightly20170415265fc0bedc_chakra":61.254963,"8.0.0-nightly20170505fe44f54949_chakra":61.592572},"./tests/object-literal-with-setter.js":{"6.10.1_v8":54.133506,"7.10.0_v8":49.263296,"7.10.0_v8_turbo_ignition":53.551687,"8.0.0_v8":52.853889,"8.0.0_v8_turbo_ignition":49.724907,"8.0.0-nightly20170415265fc0bedc_chakra":60.663122,"8.0.0-nightly20170505fe44f54949_chakra":60.814835},"./tests/overwrite-named-arg-and-reading-arguments.js":{"6.10.1_v8":52.803517,"7.10.0_v8":49.750562,"7.10.0_v8_turbo_ignition":50.048117,"8.0.0_v8":50.151839,"8.0.0_v8_turbo_ignition":50.627224,"8.0.0-nightly20170415265fc0bedc_chakra":62.173586,"8.0.0-nightly20170505fe44f54949_chakra":61.811321},"./tests/overwrite-named-arg.js":{"6.10.1_v8":52.980097,"7.10.0_v8":52.3159,"7.10.0_v8_turbo_ignition":49.432619,"8.0.0_v8":48.906772,"8.0.0_v8_turbo_ignition":48.331849,"8.0.0-nightly20170415265fc0bedc_chakra":58.686126,"8.0.0-nightly20170505fe44f54949_chakra":57.413212},"./tests/pass-arguments-to-call.js":{"6.10.1_v8":58.05899,"7.10.0_v8":54.218859,"7.10.0_v8_turbo_ignition":51.5921,"8.0.0_v8":52.489609,"8.0.0_v8_turbo_ignition":51.203362,"8.0.0-nightly20170415265fc0bedc_chakra":62.815861,"8.0.0-nightly20170505fe44f54949_chakra":59.855056},"./tests/promises.js":{"6.10.1_v8":57.57047,"7.10.0_v8":54.183955,"7.10.0_v8_turbo_ignition":54.201638,"8.0.0_v8":51.920377,"8.0.0_v8_turbo_ignition":48.198358,"8.0.0-nightly20170415265fc0bedc_chakra":62.579396,"8.0.0-nightly20170505fe44f54949_chakra":65.379873},"./tests/rest-parameters.js":{"6.10.1_v8":53.978063,"7.10.0_v8":51.916474,"7.10.0_v8_turbo_ignition":48.886372,"8.0.0_v8":48.853346,