{"./tests/access-non-existent-arguments-index.js":{"v8_6.10.1":61.106784,"v8_7.10.0":54.560726,"v8_7.10.0_turbo_ignition":51.564983,"v8_v8.0.0-nightly201705043f48ab3042":50.148426,"v8_v8.0.0-nightly201705043f48ab3042_turbo_ignition":47.275582,"chakra_v8.0.0-nightly20170415265fc0bedc":207.122871,"chakra_v8.0.0-nightly20170505fe44f54949":62.37481},"./tests/access-valid-arguments-index.js":{"v8_6.10.1":53.741372,"v8_7.10.0":53.401952,"v8_7.10.0_turbo_ignition":51.52539,"v8_v8.0.0-nightly201705043f48ab3042":51.201073,"v8_v8.0.0-nightly201705043f48ab3042_turbo_ignition":47.786841,"chakra_v8.0.0-nightly20170415265fc0bedc":66.100132,"chakra_v8.0.0-nightly20170505fe44f54949":62.171646},"./tests/assign-to-arguments.js":{"v8_6.10.1":53.491957,"v8_7.10.0":52.565897,"v8_7.10.0_turbo_ignition":50.571723,"v8_v8.0.0-nightly201705043f48ab3042":50.17327,"v8_v8.0.0-nightly201705043f48ab3042_turbo_ignition":48.172927,"chakra_v8.0.0-nightly20170415265fc0bedc":60.529046,"chakra_v8.0.0-nightly20170505fe44f54949":58.791147},"./tests/async-await.js":{"v8_6.10.1":"Command failed: /home/vladimir/.nvm/versions/node/v6.10.1/bin/node ./tests/async-await.js 10\n/media/vladimir/DATA/Projects/node_engine_bench/tests/async-await.js:2\nasync function exec(arg) {\n      ^^^^^^^^\nSyntaxError: Unexpected token function\n    at createScript (vm.js:56:10)\n    at Object.runInThisContext (vm.js:97:10)\n    at Module._compile (module.js:542:28)\n    at Object.Module._extensions..js (module.js:579:10)\n    at Module.load (module.js:487:32)\n    at tryModuleLoad (module.js:446:12)\n    at Function.Module._load (module.js:438:3)\n    at Module.runMain (module.js:604:10)\n    at run (bootstrap_node.js:393:7)\n    at startup (bootstrap_node.js:150:9)\n","v8_7.10.0":52.518794,"v8_7.10.0_turbo_ignition":56.768604,"v8_v8.0.0-nightly201705043f48ab3042":49.661025,"v8_v8.0.0-nightly201705043f48ab3042_turbo_ignition":48.846498,"chakra_v8.0.0-nightly20170415265fc0bedc":63.699539,"chakra_v8.0.0-nightly20170505fe44f54949":61.162037},"./tests/bound-funtion.js":{"v8_6.10.1":56.551844,"v8_7.10.0":51.714998,"v8_7.10.0_turbo_ignition":53.870958,"v8_v8.0.0-nightly201705043f48ab3042":50.717253,"v8_v8.0.0-nightly201705043f48ab3042_turbo_ignition":49.657009,"chakra_v8.0.0-nightly20170415265fc0bedc":61.128372,"chakra_v8.0.0-nightly20170505fe44f54949":61.900374},"./tests/calls-bind.js":{"v8_6.10.1":54.919905,"v8_7.10.0":57.951126,"v8_7.10.0_turbo_ignition":51.085951,"v8_v8.0.0-nightly201705043f48ab3042":50.357248,"v8_v8.0.0-nightly201705043f48ab3042_turbo_ignition":49.355473,"chakra_v8.0.0-nightly20170415265fc0bedc":64.7772,"chakra_v8.0.0-nightly20170505fe44f54949":65.171391},"./tests/closure-function.js":{"v8_6.10.1":53.178606,"v8_7.10.0":52.17517,"v8_7.10.0_turbo_ignition":54.279884,"v8_v8.0.0-nightly201705043f48ab3042":54.565233,"v8_v8.0.0-nightly201705043f48ab3042_turbo_ignition":46.791873,"chakra_v8.0.0-nightly20170415265fc0bedc":60.514918,"chakra_v8.0.0-nightly20170505fe44f54949":60.169064},"./tests/debugger.js":{"v8_6.10.1":53.983444,"v8_7.10.0":54.761929,"v8_7.10.0_turbo_ignition":52.387414,"v8_v8.0.0-nightly201705043f48ab3042":50.082299,"v8_v8.0.0-nightly201705043f48ab3042_turbo_ignition":46.66672,"chakra_v8.0.0-nightly20170415265fc0bedc":64.017532,"chakra_v8.0.0-nightly20170505fe44f54949":62.036296},"./tests/eval.js":{"v8_6.10.1":55.647651,"v8_7.10.0":53.750789,"v8_7.10.0_turbo_ignition":59.987151,"v8_v8.0.0-nightly201705043f48ab3042":51.444978,"v8_v8.0.0-nightly201705043f48ab3042_turbo_ignition":51.356466,"chakra_v8.0.0-nightly20170415265fc0bedc":64.247657,"chakra_v8.0.0-nightly20170505fe44f54949":63.653485},"./tests/for-in-loop-using-array.js":{"v8_6.10.1":56.600977,"v8_7.10.0":53.165119,"v8_7.10.0_turbo_ignition":56.582618,"v8_v8.0.0-nightly201705043f48ab3042":52.169211,"v8_v8.0.0-nightly201705043f48ab3042_turbo_ignition":52.579298,"chakra_v8.0.0-nightly20170415265fc0bedc":60.887673,"chakra_v8.0.0-nightly20170505fe44f54949":61.544154},"./tests/for-in-loop-with-outer-scope-key.js":{"v8_6.10.1":55.436204,"v8_7.10.0":53.416087,"v8_7.10.0_turbo_ignition":56.214928,"v8_v8.0.0-nightly201705043f48ab3042":52.045441,"v8_v8.0.0-nightly201705043f48ab3042_turbo_ignition":50.557753,"chakra_v8.0.0-nightly20170415265fc0bedc":61.964731,"chakra_v8.0.0-nightly20170505fe44f54949":64.606035},"./tests/for-in-loop-without-simple-enumerable.js":{"v8_6.10.1":57.376632,"v8_7.10.0":56.077457,"v8_7.10.0_turbo_ignition":56.495347,"v8_v8.0.0-nightly201705043f48ab3042":56.520272,"v8_v8.0.0-nightly201705043f48ab3042_turbo_ignition":49.665846,"chakra_v8.0.0-nightly20170415265fc0bedc":61.355413,"chakra_v8.0.0-nightly20170505fe44f54949":67.909367},"./tests/for-in-loop.js":{"v8_6.10.1":53.310343,"v8_7.10.0":54.396773,"v8_7.10.0_turbo_ignition":51.013313,"v8_v8.0.0-nightly201705043f48ab3042":51.747483,"v8_v8.0.0-nightly201705043f48ab3042_turbo_ignition":46.723241,"chakra_v8.0.0-nightly20170415265fc0bedc":68.432718,"chakra_v8.0.0-nightly20170505fe44f54949":63.877393},"./tests/input-multiple-classes.js":{"v8_6.10.1":56.864675,"v8_7.10.0":53.699709,"v8_7.10.0_turbo_ignition":185.982298,"v8_v8.0.0-nightly201705043f48ab3042":50.362542,"v8_v8.0.0-nightly201705043f48ab3042_turbo_ignition":48.474645,"chakra_v8.0.0-nightly20170415265fc0bedc":65.779493,"chakra_v8.0.0-nightly20170505fe44f54949":65.014085},"./tests/input-multiple-shadow-class.js":{"v8_6.10.1":54.145944,"v8_7.10.0":56.16885,"v8_7.10.0_turbo_ignition":51.53685,"v8_v8.0.0-nightly201705043f48ab3042":50.652617,"v8_v8.0.0-nightly201705043f48ab3042_turbo_ignition":48.195853,"chakra_v8.0.0-nightly20170415265fc0bedc":64.020097,"chakra_v8.0.0-nightly20170505fe44f54949":58.595929},"./tests/input-multiple-types.js":{"v8_6.10.1":55.561603,"v8_7.10.0":54.230202,"v8_7.10.0_turbo_ignition":57.013713,"v8_v8.0.0-nightly201705043f48ab3042":53.76816,"v8_v8.0.0-nightly201705043f48ab3042_turbo_ignition":50.593013,"chakra_v8.0.0-nightly20170415265fc0bedc":63.556958,"chakra_v8.0.0-nightly20170505fe44f54949":60.389815},"./tests/leaks-arguments-via-closure.js":{"v8_6.10.1":60.095654,"v8_7.10.0":58.867596,"v8_7.10.0_turbo_ignition":67.707498,"v8_v8.0.0-nightly201705043f48ab3042":50.07025,"v8_v8.0.0-nightly201705043f48ab3042_turbo_ignition":50.080591,"chakra_v8.0.0-nightly20170415265fc0bedc":61.289173,"chakra_v8.0.0-nightly20170505fe44f54949":60.373985},"./tests/manually-copy-arguments.js":{"v8_6.10.1":54.83303,"v8_7.10.0":56.555942,"v8_7.10.0_turbo_ignition":58.48912,"v8_v8.0.0-nightly201705043f48ab3042":53.455867,"v8_v8.0.0-nightly201705043f48ab3042_turbo_ignition":51.033755,"chakra_v8.0.0-nightly20170415265fc0bedc":67.020553,"chakra_v8.0.0-nightly20170505fe44f54949":64.457865},"./tests/nested-functions.js":{"v8_6.10.1":58.224225,"v8_7.10.0":63.768607,"v8_7.10.0_turbo_ignition":53.559158,"v8_v8.0.0-nightly201705043f48ab3042":50.097561,"v8_v8.0.0-nightly201705043f48ab3042_turbo_ignition":54.847879,"chakra_v8.0.0-nightly20170415265fc0bedc":66.116429,"chakra_v8.0.0-nightly20170505fe44f54949":63.027868},"./tests/noop.js":{"v8_6.10.1":54.46995,"v8_7.10.0":53.913653,"v8_7.10.0_turbo_ignition":53.619605,"v8_v8.0.0-nightly201705043f48ab3042":50.629071,"v8_v8.0.0-nightly201705043f48ab3042_turbo_ignition":52.754655,"chakra_v8.0.0-nightly20170415265fc0bedc":62.044047,"chakra_v8.0.0-nightly20170505fe44f54949":63.788438},"./tests/object-literal-with-getter.js":{"v8_6.10.1":61.935072,"v8_7.10.0":69.398345,"v8_7.10.0_turbo_ignition":66.307423,"v8_v8.0.0-nightly201705043f48ab3042":54.777845,"v8_v8.0.0-nightly201705043f48ab3042_turbo_ignition":49.803935,"chakra_v8.0.0-nightly20170415265fc0bedc":68.532177,"chakra_v8.0.0-nightly20170505fe44f54949":63.897947},"./tests/object-literal-with-setter.js":{"v8_6.10.1":65.848952,"v8_7.10.0":55.070608,"v8_7.10.0_turbo_ignition":53.091269,"v8_v8.0.0-nightly201705043f48ab3042":50.479906,"v8_v8.0.0-nightly201705043f48ab3042_turbo_ignition":52.994785,"chakra_v8.0.0-nightly20170415265fc0bedc":64.871988,"chakra_v8.0.0-nightly20170505fe44f54949":63.38494},