{"./tests/access-non-existent-arguments-index.js":{"v8_6.10.1":53.041132,"v8_7.10.0":53.377598,"v8_7.10.0_turbo_ignition":57.223205,"v8_v8.0.0-nightly201705043f48ab3042":51.49586,"v8_v8.0.0-nightly201705043f48ab3042_turbo_ignition":54.206812,"chakra_v8.0.0-nightly20170415265fc0bedc":73.665826,"chakra_v8.0.0-nightly20170505fe44f54949":75.37569},"./tests/access-valid-arguments-index.js":{"v8_6.10.1":57.417131,"v8_7.10.0":53.344692,"v8_7.10.0_turbo_ignition":55.4666,"v8_v8.0.0-nightly201705043f48ab3042":50.010892,"v8_v8.0.0-nightly201705043f48ab3042_turbo_ignition":49.885803,"chakra_v8.0.0-nightly20170415265fc0bedc":65.778378,"chakra_v8.0.0-nightly20170505fe44f54949":67.565371},"./tests/assign-to-arguments.js":{"v8_6.10.1":58.163867,"v8_7.10.0":52.924924,"v8_7.10.0_turbo_ignition":54.175363,"v8_v8.0.0-nightly201705043f48ab3042":49.634767,"v8_v8.0.0-nightly201705043f48ab3042_turbo_ignition":50.693037,"chakra_v8.0.0-nightly20170415265fc0bedc":63.954518,"chakra_v8.0.0-nightly20170505fe44f54949":64.529186},"./tests/async-await.js":{"v8_6.10.1":"Command failed: /home/vladimir/.nvm/versions/node/v6.10.1/bin/node ./tests/async-await.js 10000\n/media/vladimir/DATA/Projects/node_engine_bench/tests/async-await.js:2\nasync function exec(arg) {\n      ^^^^^^^^\nSyntaxError: Unexpected token function\n    at createScript (vm.js:56:10)\n    at Object.runInThisContext (vm.js:97:10)\n    at Module._compile (module.js:542:28)\n    at Object.Module._extensions..js (module.js:579:10)\n    at Module.load (module.js:487:32)\n    at tryModuleLoad (module.js:446:12)\n    at Function.Module._load (module.js:438:3)\n    at Module.runMain (module.js:604:10)\n    at run (bootstrap_node.js:393:7)\n    at startup (bootstrap_node.js:150:9)\n","v8_7.10.0":91.019603,"v8_7.10.0_turbo_ignition":106.979355,"v8_v8.0.0-nightly201705043f48ab3042":72.213141,"v8_v8.0.0-nightly201705043f48ab3042_turbo_ignition":70.313415,"chakra_v8.0.0-nightly20170415265fc0bedc":219.587832,"chakra_v8.0.0-nightly20170505fe44f54949":221.160099},"./tests/bound-funtion.js":{"v8_6.10.1":58.679281,"v8_7.10.0":53.755363,"v8_7.10.0_turbo_ignition":56.437702,"v8_v8.0.0-nightly201705043f48ab3042":51.682301,"v8_v8.0.0-nightly201705043f48ab3042_turbo_ignition":49.860423,"chakra_v8.0.0-nightly20170415265fc0bedc":61.27671,"chakra_v8.0.0-nightly20170505fe44f54949":62.574727},"./tests/calls-bind.js":{"v8_6.10.1":65.319693,"v8_7.10.0":54.562959,"v8_7.10.0_turbo_ignition":55.853331,"v8_v8.0.0-nightly201705043f48ab3042":52.852642,"v8_v8.0.0-nightly201705043f48ab3042_turbo_ignition":55.942206,"chakra_v8.0.0-nightly20170415265fc0bedc":64.911859,"chakra_v8.0.0-nightly20170505fe44f54949":67.772293},"./tests/closure-function.js":{"v8_6.10.1":60.170264,"v8_7.10.0":54.543672,"v8_7.10.0_turbo_ignition":55.618213,"v8_v8.0.0-nightly201705043f48ab3042":52.314808,"v8_v8.0.0-nightly201705043f48ab3042_turbo_ignition":50.264879,"chakra_v8.0.0-nightly20170415265fc0bedc":63.196223,"chakra_v8.0.0-nightly20170505fe44f54949":65.558872},"./tests/debugger.js":{"v8_6.10.1":56.420989,"v8_7.10.0":52.606507,"v8_7.10.0_turbo_ignition":59.20665,"v8_v8.0.0-nightly201705043f48ab3042":53.710471,"v8_v8.0.0-nightly201705043f48ab3042_turbo_ignition":49.670069,"chakra_v8.0.0-nightly20170415265fc0bedc":62.786663,"chakra_v8.0.0-nightly20170505fe44f54949":62.175467},"./tests/eval.js":{"v8_6.10.1":58.111962,"v8_7.10.0":59.252395,"v8_7.10.0_turbo_ignition":62.885271,"v8_v8.0.0-nightly201705043f48ab3042":55.941031,"v8_v8.0.0-nightly201705043f48ab3042_turbo_ignition":53.387832,"chakra_v8.0.0-nightly20170415265fc0bedc":76.901751,"chakra_v8.0.0-nightly20170505fe44f54949":79.148412},"./tests/for-in-loop-using-array.js":{"v8_6.10.1":62.592451,"v8_7.10.0":59.447086,"v8_7.10.0_turbo_ignition":57.453235,"v8_v8.0.0-nightly201705043f48ab3042":55.48648,"v8_v8.0.0-nightly201705043f48ab3042_turbo_ignition":53.936652,"chakra_v8.0.0-nightly20170415265fc0bedc":68.947265,"chakra_v8.0.0-nightly20170505fe44f54949":70.594444},"./tests/for-in-loop-with-outer-scope-key.js":{"v8_6.10.1":58.038436,"v8_7.10.0":55.687226,"v8_7.10.0_turbo_ignition":55.196307,"v8_v8.0.0-nightly201705043f48ab3042":55.97681,"v8_v8.0.0-nightly201705043f48ab3042_turbo_ignition":51.689054,"chakra_v8.0.0-nightly20170415265fc0bedc":64.597432,"chakra_v8.0.0-nightly20170505fe44f54949":61.564944},"./tests/for-in-loop-without-simple-enumerable.js":{"v8_6.10.1":60.64523,"v8_7.10.0":58.797812,"v8_7.10.0_turbo_ignition":59.485832,"v8_v8.0.0-nightly201705043f48ab3042":56.590356,"v8_v8.0.0-nightly201705043f48ab3042_turbo_ignition":53.848375,"chakra_v8.0.0-nightly20170415265fc0bedc":65.356328,"chakra_v8.0.0-nightly20170505fe44f54949":61.626956},"./tests/for-in-loop.js":{"v8_6.10.1":57.132802,"v8_7.10.0":56.346507,"v8_7.10.0_turbo_ignition":54.669209,"v8_v8.0.0-nightly201705043f48ab3042":51.274828,"v8_v8.0.0-nightly201705043f48ab3042_turbo_ignition":50.754583,"chakra_v8.0.0-nightly20170415265fc0bedc":60.933077,"chakra_v8.0.0-nightly20170505fe44f54949":62.617743},"./tests/input-multiple-classes.js":{"v8_6.10.1":63.803544,"v8_7.10.0":62.654116,"v8_7.10.0_turbo_ignition":60.762564,"v8_v8.0.0-nightly201705043f48ab3042":58.887074,"v8_v8.0.0-nightly201705043f48ab3042_turbo_ignition":58.436485,"chakra_v8.0.0-nightly20170415265fc0bedc":70.35028,"chakra_v8.0.0-nightly20170505fe44f54949":68.827453},"./tests/input-multiple-shadow-class.js":{"v8_6.10.1":66.028805,"v8_7.10.0":69.840345,"v8_7.10.0_turbo_ignition":68.283772,"v8_v8.0.0-nightly201705043f48ab3042":58.276744,"v8_v8.0.0-nightly201705043f48ab3042_turbo_ignition":64.833856,"chakra_v8.0.0-nightly20170415265fc0bedc":63.732466,"chakra_v8.0.0-nightly20170505fe44f54949":66.125147},"./tests/input-multiple-types.js":{"v8_6.10.1":61.468979,"v8_7.10.0":62.195139,"v8_7.10.0_turbo_ignition":62.445241,"v8_v8.0.0-nightly201705043f48ab3042":56.150693,"v8_v8.0.0-nightly201705043f48ab3042_turbo_ignition":57.825126,"chakra_v8.0.0-nightly20170415265fc0bedc":70.944274,"chakra_v8.0.0-nightly20170505fe44f54949":65.467291},"./tests/leaks-arguments-via-closure.js":{"v8_6.10.1":57.112725,"v8_7.10.0":52.283252,"v8_7.10.0_turbo_ignition":63.025456,"v8_v8.0.0-nightly201705043f48ab3042":54.91776,"v8_v8.0.0-nightly201705043f48ab3042_turbo_ignition":52.37806,"chakra_v8.0.0-nightly20170415265fc0bedc":75.483351,"chakra_v8.0.0-nightly20170505fe44f54949":79.718712},"./tests/manually-copy-arguments.js":{"v8_6.10.1":57.621886,"v8_7.10.0":56.741838,"v8_7.10.0_turbo_ignition":55.327605,"v8_v8.0.0-nightly201705043f48ab3042":54.220556,"v8_v8.0.0-nightly201705043f48ab3042_turbo_ignition":52.147512,"chakra_v8.0.0-nightly20170415265fc0bedc":64.417221,"chakra_v8.0.0-nightly20170505fe44f54949":64.429315},"./tests/nested-functions.js":{"v8_6.10.1":58.343214,"v8_7.10.0":54.965944,"v8_7.10.0_turbo_ignition":56.0687,"v8_v8.0.0-nightly201705043f48ab3042":56.671157,"v8_v8.0.0-nightly201705043f48ab3042_turbo_ignition":51.814368,"chakra_v8.0.0-nightly20170415265fc0bedc":63.025096,"chakra_v8.0.0-nightly20170505fe44f54949":66.465495},"./tests/noop.js":{"v8_6.10.1":55.232181,"v8_7.10.0":57.780315,"v8_7.10.0_turbo_ignition":54.452358,"v8_v8.0.0-nightly201705043f48ab3042":52.110461,"v8_v8.0.0-nightly201705043f48ab3042_turbo_ignition":49.205841,"chakra_v8.0.0-nightly20170415265fc0bedc":63.850311,"chakra_v8.0.0-nightly20170505fe44f54949":62.07284},"./tests/object-literal-with-getter.js":{"v8_6.10.1":68.43819,"v8_7.10.0":63.758711,"v8_7.10.0_turbo_ignition":65.38352,"v8_v8.0.0-nightly201705043f48ab3042":61.205367,"v8_v8.0.0-nightly201705043f48ab3042_turbo_ignition":63.239398,"chakra_v8.0.0-nightly20170415265fc0bedc":71.744087,"chakra_v8.0.0-nightly20170505fe44f54949":75.925069},"./tests/object-literal-with-setter.js":{"v8_6.10.1":64.305921,"v8_7.10.0":55.269899,"v8_7.10.0_turbo_ignition":57.260927,"v8_v8.0.0-nightly201705043f48ab3042":53.431695,"v8_v8.0.0-nightly201705043f48ab3042_turbo_ignition":63.27634,"chakra_v8.0.0-nightly20170415265fc0bedc":74.631783,"chakra_v8.0.0-nightly20170505fe44f54949":69.619922},