{"./tests/access-non-existent-arguments-index.js":{"6.10.1_v8":52.852174,"7.10.0_v8":54.806103,"7.10.0_v8_turbo_ignition":54.874952,"8.0.0_v8":52.564277,"8.0.0_v8_turbo_ignition":49.252627,"8.0.0-nightly20170415265fc0bedc_chakra":71.568915,"8.0.0-nightly20170505fe44f54949_chakra":70.224334},"./tests/access-valid-arguments-index.js":{"6.10.1_v8":59.556099,"7.10.0_v8":52.554919,"7.10.0_v8_turbo_ignition":54.054628,"8.0.0_v8":51.799814,"8.0.0_v8_turbo_ignition":49.950967,"8.0.0-nightly20170415265fc0bedc_chakra":60.022325,"8.0.0-nightly20170505fe44f54949_chakra":59.126831},"./tests/assign-to-arguments.js":{"6.10.1_v8":54.879648,"7.10.0_v8":52.605982,"7.10.0_v8_turbo_ignition":55.964039,"8.0.0_v8":53.508483,"8.0.0_v8_turbo_ignition":57.494108,"8.0.0-nightly20170415265fc0bedc_chakra":69.236269,"8.0.0-nightly20170505fe44f54949_chakra":68.633397},"./tests/async-await.js":{"6.10.1_v8":"Command failed: /home/vladimir/.nvm/versions/node/v6.10.1/bin/node ./tests/async-await.js 10000\n/media/vladimir/DATA/Projects/node_engine_bench/tests/async-await.js:2\nasync function exec(arg) {\n      ^^^^^^^^\nSyntaxError: Unexpected token function\n    at createScript (vm.js:56:10)\n    at Object.runInThisContext (vm.js:97:10)\n    at Module._compile (module.js:542:28)\n    at Object.Module._extensions..js (module.js:579:10)\n    at Module.load (module.js:487:32)\n    at tryModuleLoad (module.js:446:12)\n    at Function.Module._load (module.js:438:3)\n    at Module.runMain (module.js:604:10)\n    at run (bootstrap_node.js:393:7)\n    at startup (bootstrap_node.js:150:9)\n","7.10.0_v8":142.554461,"7.10.0_v8_turbo_ignition":144.604485,"8.0.0_v8":75.930791,"8.0.0_v8_turbo_ignition":71.560561,"8.0.0-nightly20170415265fc0bedc_chakra":216.396493,"8.0.0-nightly20170505fe44f54949_chakra":216.07869},"./tests/bound-funtion.js":{"6.10.1_v8":53.397638,"7.10.0_v8":50.909869,"7.10.0_v8_turbo_ignition":51.532257,"8.0.0_v8":53.089359,"8.0.0_v8_turbo_ignition":48.830836,"8.0.0-nightly20170415265fc0bedc_chakra":58.809441,"8.0.0-nightly20170505fe44f54949_chakra":59.832401},"./tests/calls-bind.js":{"6.10.1_v8":57.661479,"7.10.0_v8":49.840382,"7.10.0_v8_turbo_ignition":51.659287,"8.0.0_v8":52.896803,"8.0.0_v8_turbo_ignition":51.642733,"8.0.0-nightly20170415265fc0bedc_chakra":62.024008,"8.0.0-nightly20170505fe44f54949_chakra":62.960893},"./tests/closure-function.js":{"6.10.1_v8":51.385337,"7.10.0_v8":48.623002,"7.10.0_v8_turbo_ignition":48.717118,"8.0.0_v8":47.967707,"8.0.0_v8_turbo_ignition":47.478722,"8.0.0-nightly20170415265fc0bedc_chakra":58.654393,"8.0.0-nightly20170505fe44f54949_chakra":59.045363},"./tests/debugger.js":{"6.10.1_v8":55.050202,"7.10.0_v8":53.105825,"7.10.0_v8_turbo_ignition":49.937194,"8.0.0_v8":49.598562,"8.0.0_v8_turbo_ignition":48.168481,"8.0.0-nightly20170415265fc0bedc_chakra":59.305812,"8.0.0-nightly20170505fe44f54949_chakra":60.091306},"./tests/eval.js":{"6.10.1_v8":54.732768,"7.10.0_v8":51.671737,"7.10.0_v8_turbo_ignition":51.734015,"8.0.0_v8":53.47596,"8.0.0_v8_turbo_ignition":53.750725,"8.0.0-nightly20170415265fc0bedc_chakra":75.216383,"8.0.0-nightly20170505fe44f54949_chakra":73.982345},"./tests/for-in-loop-using-array.js":{"6.10.1_v8":56.604629,"7.10.0_v8":51.677928,"7.10.0_v8_turbo_ignition":52.887844,"8.0.0_v8":60.983962,"8.0.0_v8_turbo_ignition":55.480491,"8.0.0-nightly20170415265fc0bedc_chakra":66.196587,"8.0.0-nightly20170505fe44f54949_chakra":61.516052},"./tests/for-in-loop-with-outer-scope-key.js":{"6.10.1_v8":56.059804,"7.10.0_v8":53.882798,"7.10.0_v8_turbo_ignition":55.306524,"8.0.0_v8":53.083032,"8.0.0_v8_turbo_ignition":53.182534,"8.0.0-nightly20170415265fc0bedc_chakra":62.091743,"8.0.0-nightly20170505fe44f54949_chakra":62.364076},"./tests/for-in-loop-without-simple-enumerable.js":{"6.10.1_v8":63.042546,"7.10.0_v8":58.561061,"7.10.0_v8_turbo_ignition":56.435039,"8.0.0_v8":55.971071,"8.0.0_v8_turbo_ignition":57.31262,"8.0.0-nightly20170415265fc0bedc_chakra":66.369015,"8.0.0-nightly20170505fe44f54949_chakra":60.993411},"./tests/for-in-loop.js":{"6.10.1_v8":54.537066,"7.10.0_v8":52.740724,"7.10.0_v8_turbo_ignition":53.363496,"8.0.0_v8":50.918075,"8.0.0_v8_turbo_ignition":53.358231,"8.0.0-nightly20170415265fc0bedc_chakra":61.540482,"8.0.0-nightly20170505fe44f54949_chakra":60.91236},"./tests/input-multiple-classes.js":{"6.10.1_v8":61.684235,"7.10.0_v8":64.097274,"7.10.0_v8_turbo_ignition":57.620631,"8.0.0_v8":61.084347,"8.0.0_v8_turbo_ignition":59.129669,"8.0.0-nightly20170415265fc0bedc_chakra":65.060274,"8.0.0-nightly20170505fe44f54949_chakra":66.341958},"./tests/input-multiple-shadow-class.js":{"6.10.1_v8":59.888283,"7.10.0_v8":57.495321,"7.10.0_v8_turbo_ignition":60.695418,"8.0.0_v8":57.742263,"8.0.0_v8_turbo_ignition":63.660128,"8.0.0-nightly20170415265fc0bedc_chakra":62.728226,"8.0.0-nightly20170505fe44f54949_chakra":64.218562},"./tests/input-multiple-types.js":{"6.10.1_v8":58.862007,"7.10.0_v8":56.273836,"7.10.0_v8_turbo_ignition":54.73085,"8.0.0_v8":52.808844,"8.0.0_v8_turbo_ignition":55.011333,"8.0.0-nightly20170415265fc0bedc_chakra":62.651413,"8.0.0-nightly20170505fe44f54949_chakra":62.36271},"./tests/leaks-arguments-via-closure.js":{"6.10.1_v8":54.923557,"7.10.0_v8":51.865709,"7.10.0_v8_turbo_ignition":53.58389,"8.0.0_v8":50.575638,"8.0.0_v8_turbo_ignition":48.879198,"8.0.0-nightly20170415265fc0bedc_chakra":68.817289,"8.0.0-nightly20170505fe44f54949_chakra":69.75871},"./tests/manually-copy-arguments.js":{"6.10.1_v8":55.601149,"7.10.0_v8":51.097774,"7.10.0_v8_turbo_ignition":54.610597,"8.0.0_v8":51.517051,"8.0.0_v8_turbo_ignition":49.879303,"8.0.0-nightly20170415265fc0bedc_chakra":60.115267,"8.0.0-nightly20170505fe44f54949_chakra":58.829856},"./tests/nested-functions.js":{"6.10.1_v8":52.933815,"7.10.0_v8":51.6786,"7.10.0_v8_turbo_ignition":54.011833,"8.0.0_v8":50.749023,"8.0.0_v8_turbo_ignition":49.353519,"8.0.0-nightly20170415265fc0bedc_chakra":62.318227,"8.0.0-nightly20170505fe44f54949_chakra":60.830592},"./tests/noop.js":{"6.10.1_v8":51.857927,"7.10.0_v8":50.461716,"7.10.0_v8_turbo_ignition":49.751221,"8.0.0_v8":49.675747,"8.0.0_v8_turbo_ignition":49.494004,"8.0.0-nightly20170415265fc0bedc_chakra":60.453321,"8.0.0-nightly20170505fe44f54949_chakra":58.929023},"./tests/object-literal-with-getter.js":{"6.10.1_v8":59.941271,"7.10.0_v8":58.009968,"7.10.0_v8_turbo_ignition":58.268843,"8.0.0_v8":58.016969,"8.0.0_v8_turbo_ignition":56.907291,"8.0.0-nightly20170415265fc0bedc_chakra":69.013504,"8.0.0-nightly20170505fe44f54949_chakra":70.782351},"./tests/object-literal-with-setter.js":{"6.10.1_v8":62.590224,"7.10.0_v8":59.598201,"7.10.0_v8_turbo_ignition":62.273958,"8.0.0_v8":56.516715,"8.0.0_v8_turbo_ignition":56.872286,"8.0.0-nightly20170415265fc0bedc_chakra":69.406678,"8.0.0-nightly20170505fe44f54949_chakra":70.344971},"./tests/overwrite-named-arg-and-reading-arguments.js":{"6.10.1_v8":52.293455,"7.10.0_v8":49.52864,"7.10.0_v8_turbo_ignition":50.094403,"8.0.0_v8":49.075724,"8.0.0_v8_turbo_ignition":50.482882,"8.0.0-nightly20170415265fc0bedc_chakra":60.396145,"8.0.0-nightly20170505fe44f54949_chakra":59.567338},"./tests/overwrite-named-arg.js":{"6.10.1_v8":52.511538,"7.10.0_v8":49.739615,"7.10.0_v8_turbo_ignition":53.131036,"8.0.0_v8":51.072326,"8.0.0_v8_turbo_ignition":48.200549,"8.0.0-nightly20170415265fc0bedc_chakra":59.821009,"8.0.0-nightly20170505fe44f54949_chakra":60.919805},"./tests/pass-arguments-to-call.js":{"6.10.1_v8":72.446442,"7.10.0_v8":60.511427,"7.10.0_v8_turbo_ignition":67.085212,"8.0.0_v8":59.943126,"8.0.0_v8_turbo_ignition":62.660047,"8.0.0-nightly20170415265fc0bedc_chakra":84.288596,"8.0.0-nightly20170505fe44f54949_chakra":82.02602},"./tests/promises.js":{"6.10.1_v8":91.351782,"7.10.0_v8":74.377732,"7.10.0_v8_turbo_ignition":83.780365,"8.0.0_v8":61.567295,"8.0.0_v8_turbo_ignition":65.12163,"8.0.0-nightly20170415265fc0bedc_chakra":108.12499,"8.0.0-nightly20170505fe44f54949_chakra":111.261067},"./tests/rest-parameters.js":{"6.10.1_v8":54.980377,"7.10.0_v8":51.826203,"7.10.0_v8_turbo_ignition":50.78478,"8.0.0_v8":50.695218,