{"./tests/access-non-existent-arguments-index.js":{"v8_6.10.1":54.55123,"v8_7.10.0":53.635679,"v8_7.10.0_turbo_ignition":54.446874,"v8_8.0.0-nightly201705029802d466cc":49.228871,"v8_8.0.0-nightly201705029802d466cc_turbo_ignition":49.012573,"chakra_v8.0.0-nightly201705037f33b4cbf3":70.13033},"./tests/access-valid-arguments-index.js":{"v8_6.10.1":53.892121,"v8_7.10.0":51.547403,"v8_7.10.0_turbo_ignition":51.799522,"v8_8.0.0-nightly201705029802d466cc":46.86243,"v8_8.0.0-nightly201705029802d466cc_turbo_ignition":47.454208,"chakra_v8.0.0-nightly201705037f33b4cbf3":58.594776},"./tests/assign-to-arguments.js":{"v8_6.10.1":55.329407,"v8_7.10.0":51.610606,"v8_7.10.0_turbo_ignition":54.482846,"v8_8.0.0-nightly201705029802d466cc":46.43066,"v8_8.0.0-nightly201705029802d466cc_turbo_ignition":54.273706,"chakra_v8.0.0-nightly201705037f33b4cbf3":59.270673},"./tests/async-await.js":{"v8_6.10.1":"Command failed: /home/vladimir/.nvm/versions/node/v6.10.1/bin/node ./tests/async-await.js 10000\n/media/vladimir/DATA/Projects/node_engine_bench/tests/async-await.js:2\nasync function exec(arg) {\n      ^^^^^^^^\nSyntaxError: Unexpected token function\n    at createScript (vm.js:56:10)\n    at Object.runInThisContext (vm.js:97:10)\n    at Module._compile (module.js:542:28)\n    at Object.Module._extensions..js (module.js:579:10)\n    at Module.load (module.js:487:32)\n    at tryModuleLoad (module.js:446:12)\n    at Function.Module._load (module.js:438:3)\n    at Module.runMain (module.js:604:10)\n    at run (bootstrap_node.js:393:7)\n    at startup (bootstrap_node.js:150:9)\n","v8_7.10.0":90.567866,"v8_7.10.0_turbo_ignition":102.662784,"v8_8.0.0-nightly201705029802d466cc":68.813654,"v8_8.0.0-nightly201705029802d466cc_turbo_ignition":71.505,"chakra_v8.0.0-nightly201705037f33b4cbf3":214.99059},"./tests/bound-funtion.js":{"v8_6.10.1":54.466034,"v8_7.10.0":51.108472,"v8_7.10.0_turbo_ignition":49.928032,"v8_8.0.0-nightly201705029802d466cc":46.543,"v8_8.0.0-nightly201705029802d466cc_turbo_ignition":46.494958,"chakra_v8.0.0-nightly201705037f33b4cbf3":60.510253},"./tests/calls-bind.js":{"v8_6.10.1":60.428304,"v8_7.10.0":53.138598,"v8_7.10.0_turbo_ignition":50.710987,"v8_8.0.0-nightly201705029802d466cc":48.064615,"v8_8.0.0-nightly201705029802d466cc_turbo_ignition":48.651843,"chakra_v8.0.0-nightly201705037f33b4cbf3":64.265067},"./tests/closure-function.js":{"v8_6.10.1":52.063244,"v8_7.10.0":51.771406,"v8_7.10.0_turbo_ignition":50.72766,"v8_8.0.0-nightly201705029802d466cc":47.213948,"v8_8.0.0-nightly201705029802d466cc_turbo_ignition":46.384256,"chakra_v8.0.0-nightly201705037f33b4cbf3":61.759207},"./tests/debugger.js":{"v8_6.10.1":54.378449,"v8_7.10.0":53.50491,"v8_7.10.0_turbo_ignition":50.640498,"v8_8.0.0-nightly201705029802d466cc":48.448806,"v8_8.0.0-nightly201705029802d466cc_turbo_ignition":45.605807,"chakra_v8.0.0-nightly201705037f33b4cbf3":59.462459},"./tests/eval.js":{"v8_6.10.1":60.921056,"v8_7.10.0":57.677885,"v8_7.10.0_turbo_ignition":57.433491,"v8_8.0.0-nightly201705029802d466cc":54.51585,"v8_8.0.0-nightly201705029802d466cc_turbo_ignition":50.879304,"chakra_v8.0.0-nightly201705037f33b4cbf3":85.971949},"./tests/for-in-loop-using-array.js":{"v8_6.10.1":59.104908,"v8_7.10.0":56.307288,"v8_7.10.0_turbo_ignition":57.56734,"v8_8.0.0-nightly201705029802d466cc":52.651563,"v8_8.0.0-nightly201705029802d466cc_turbo_ignition":51.714895,"chakra_v8.0.0-nightly201705037f33b4cbf3":62.503549},"./tests/for-in-loop-with-outer-scope-key.js":{"v8_6.10.1":53.736857,"v8_7.10.0":53.06405,"v8_7.10.0_turbo_ignition":51.650119,"v8_8.0.0-nightly201705029802d466cc":48.90229,"v8_8.0.0-nightly201705029802d466cc_turbo_ignition":48.111015,"chakra_v8.0.0-nightly201705037f33b4cbf3":60.10515},"./tests/for-in-loop-without-simple-enumerable.js":{"v8_6.10.1":60.876208,"v8_7.10.0":59.896645,"v8_7.10.0_turbo_ignition":57.490998,"v8_8.0.0-nightly201705029802d466cc":51.830884,"v8_8.0.0-nightly201705029802d466cc_turbo_ignition":49.836114,"chakra_v8.0.0-nightly201705037f33b4cbf3":61.519282},"./tests/for-in-loop.js":{"v8_6.10.1":57.867513,"v8_7.10.0":51.726988,"v8_7.10.0_turbo_ignition":59.403488,"v8_8.0.0-nightly201705029802d466cc":50.509969,"v8_8.0.0-nightly201705029802d466cc_turbo_ignition":50.966423,"chakra_v8.0.0-nightly201705037f33b4cbf3":58.683925},"./tests/input-multiple-classes.js":{"v8_6.10.1":65.525453,"v8_7.10.0":59.107276,"v8_7.10.0_turbo_ignition":59.720558,"v8_8.0.0-nightly201705029802d466cc":58.215,"v8_8.0.0-nightly201705029802d466cc_turbo_ignition":53.386917,"chakra_v8.0.0-nightly201705037f33b4cbf3":69.108075},"./tests/input-multiple-shadow-class.js":{"v8_6.10.1":62.050831,"v8_7.10.0":57.551665,"v8_7.10.0_turbo_ignition":60.601561,"v8_8.0.0-nightly201705029802d466cc":53.862261,"v8_8.0.0-nightly201705029802d466cc_turbo_ignition":61.757531,"chakra_v8.0.0-nightly201705037f33b4cbf3":60.99574},"./tests/input-multiple-types.js":{"v8_6.10.1":62.252531,"v8_7.10.0":59.995533,"v8_7.10.0_turbo_ignition":57.490859,"v8_8.0.0-nightly201705029802d466cc":56.046452,"v8_8.0.0-nightly201705029802d466cc_turbo_ignition":54.716832,"chakra_v8.0.0-nightly201705037f33b4cbf3":72.330031},"./tests/leaks-arguments-via-closure.js":{"v8_6.10.1":58.281449,"v8_7.10.0":55.234226,"v8_7.10.0_turbo_ignition":56.746492,"v8_8.0.0-nightly201705029802d466cc":51.326256,"v8_8.0.0-nightly201705029802d466cc_turbo_ignition":52.66292,"chakra_v8.0.0-nightly201705037f33b4cbf3":72.199764},"./tests/manually-copy-arguments.js":{"v8_6.10.1":60.88496,"v8_7.10.0":56.555032,"v8_7.10.0_turbo_ignition":55.380557,"v8_8.0.0-nightly201705029802d466cc":51.109219,"v8_8.0.0-nightly201705029802d466cc_turbo_ignition":49.84695,"chakra_v8.0.0-nightly201705037f33b4cbf3":61.477763},"./tests/nested-functions.js":{"v8_6.10.1":53.765094,"v8_7.10.0":51.256968,"v8_7.10.0_turbo_ignition":52.138104,"v8_8.0.0-nightly201705029802d466cc":50.376934,"v8_8.0.0-nightly201705029802d466cc_turbo_ignition":46.804358,"chakra_v8.0.0-nightly201705037f33b4cbf3":62.963032},"./tests/noop.js":{"v8_6.10.1":53.457624,"v8_7.10.0":51.270988,"v8_7.10.0_turbo_ignition":51.789974,"v8_8.0.0-nightly201705029802d466cc":50.871135,"v8_8.0.0-nightly201705029802d466cc_turbo_ignition":45.888165,"chakra_v8.0.0-nightly201705037f33b4cbf3":66.006136},"./tests/object-literal-with-getter.js":{"v8_6.10.1":59.386454,"v8_7.10.0":59.718736,"v8_7.10.0_turbo_ignition":57.625056,"v8_8.0.0-nightly201705029802d466cc":56.102091,"v8_8.0.0-nightly201705029802d466cc_turbo_ignition":58.28822,"chakra_v8.0.0-nightly201705037f33b4cbf3":67.933937},"./tests/object-literal-with-setter.js":{"v8_6.10.1":62.297544,"v8_7.10.0":58.068734,"v8_7.10.0_turbo_ignition":64.7064,"v8_8.0.0-nightly201705029802d466cc":56.318006,"v8_8.0.0-nightly201705029802d466cc_turbo_ignition":52.544873,"chakra_v8.0.0-nightly201705037f33b4cbf3":72.527873},"./tests/overwrite-named-arg-and-reading-arguments.js":{"v8_6.10.1":53.013136,"v8_7.10.0":50.672741,"v8_7.10.0_turbo_ignition":50.941427,"v8_8.0.0-nightly201705029802d466cc":47.716139,"v8_8.0.0-nightly201705029802d466cc_turbo_ignition":47.851776,"chakra_v8.0.0-nightly201705037f33b4cbf3":61.662518},"./tests/overwrite-named-arg.js":{"v8_6.10.1":52.509733,"v8_7.10.0":50.531299,"v8_7.10.0_turbo_ignition":49.977814,"v8_8.0.0-nightly201705029802d466cc":48.560896,"v8_8.0.0-nightly201705029802d466cc_turbo_ignition":45.276618,"chakra_v8.0.0-nightly201705037f33b4cbf3":60.103045},"./tests/pass-arguments-to-call.js":{"v8_6.10.1":73.257941,"v8_7.10.0":61.823188,"v8_7.10.0_turbo_ignition":69.382634,"v8_8.0.0-nightly201705029802d466cc":59.070846,"v8_8.0.0-nightly201705029802d466cc_turbo_ignition":65.410894,"chakra_v8.0.0-nightly201705037f33b4cbf3":84.361307},"./tests/promises.js":{"v8_6.10.1":94.149799,"v8_7.10.0":73.439292,"v8_7.10.0_turbo_ignition":84.816879,"v8_8.0.0-nightly201705029802d466cc":57.557857,"v8_8.0.0-nightly201705029802d466cc_turbo_ignition":53.977235,"chakra_v8.0.0-nightly201705037f33b4cbf3":110.94607},"./tests/rest-parameters.js":{"v8_6.10.1":54.839924,"v8_7.10.0":54.824019,"v8_7.10.0_turbo_ignition":52.729706,