{"./tests/access-non-existent-arguments-index.js":{"6.10.1_v8":55.705215,"7.10.0_v8":53.315436,"7.10.0_v8_turbo_ignition":50.942217,"8.0.0-nightly201705043f48ab3042_v8":52.346662,"8.0.0-nightly201705043f48ab3042_v8_turbo_ignition":51.197602,"8.0.0-nightly20170415265fc0bedc_chakra":63.820782,"8.0.0-nightly20170505fe44f54949_chakra":60.539588},"./tests/access-valid-arguments-index.js":{"6.10.1_v8":54.445713,"7.10.0_v8":53.24147,"7.10.0_v8_turbo_ignition":56.527604,"8.0.0-nightly201705043f48ab3042_v8":51.727327,"8.0.0-nightly201705043f48ab3042_v8_turbo_ignition":50.392433,"8.0.0-nightly20170415265fc0bedc_chakra":63.874255,"8.0.0-nightly20170505fe44f54949_chakra":61.850539},"./tests/assign-to-arguments.js":{"6.10.1_v8":58.083895,"7.10.0_v8":52.568349,"7.10.0_v8_turbo_ignition":57.617242,"8.0.0-nightly201705043f48ab3042_v8":52.814422,"8.0.0-nightly201705043f48ab3042_v8_turbo_ignition":49.229465,"8.0.0-nightly20170415265fc0bedc_chakra":61.821283,"8.0.0-nightly20170505fe44f54949_chakra":62.29506},"./tests/async-await.js":{"6.10.1_v8":"Command failed: /home/vladimir/.nvm/versions/node/v6.10.1/bin/node ./tests/async-await.js 100\n/media/vladimir/DATA/Projects/node_engine_bench/tests/async-await.js:2\nasync function exec(arg) {\n      ^^^^^^^^\nSyntaxError: Unexpected token function\n    at createScript (vm.js:56:10)\n    at Object.runInThisContext (vm.js:97:10)\n    at Module._compile (module.js:542:28)\n    at Object.Module._extensions..js (module.js:579:10)\n    at Module.load (module.js:487:32)\n    at tryModuleLoad (module.js:446:12)\n    at Function.Module._load (module.js:438:3)\n    at Module.runMain (module.js:604:10)\n    at run (bootstrap_node.js:393:7)\n    at startup (bootstrap_node.js:150:9)\n","7.10.0_v8":53.865287,"7.10.0_v8_turbo_ignition":60.28115,"8.0.0-nightly201705043f48ab3042_v8":49.001826,"8.0.0-nightly201705043f48ab3042_v8_turbo_ignition":47.824319,"8.0.0-nightly20170415265fc0bedc_chakra":62.133913,"8.0.0-nightly20170505fe44f54949_chakra":63.28751},"./tests/bound-funtion.js":{"6.10.1_v8":53.720138,"7.10.0_v8":52.939583,"7.10.0_v8_turbo_ignition":50.72069,"8.0.0-nightly201705043f48ab3042_v8":53.198598,"8.0.0-nightly201705043f48ab3042_v8_turbo_ignition":47.21694,"8.0.0-nightly20170415265fc0bedc_chakra":61.069984,"8.0.0-nightly20170505fe44f54949_chakra":63.501279},"./tests/calls-bind.js":{"6.10.1_v8":54.798846,"7.10.0_v8":56.172591,"7.10.0_v8_turbo_ignition":52.667495,"8.0.0-nightly201705043f48ab3042_v8":52.785878,"8.0.0-nightly201705043f48ab3042_v8_turbo_ignition":50.449177,"8.0.0-nightly20170415265fc0bedc_chakra":70.329946,"8.0.0-nightly20170505fe44f54949_chakra":61.230969},"./tests/closure-function.js":{"6.10.1_v8":57.786436,"7.10.0_v8":54.229482,"7.10.0_v8_turbo_ignition":53.567192,"8.0.0-nightly201705043f48ab3042_v8":58.135374,"8.0.0-nightly201705043f48ab3042_v8_turbo_ignition":50.837591,"8.0.0-nightly20170415265fc0bedc_chakra":65.11727,"8.0.0-nightly20170505fe44f54949_chakra":63.323418},"./tests/debugger.js":{"6.10.1_v8":57.152217,"7.10.0_v8":52.632215,"7.10.0_v8_turbo_ignition":54.307234,"8.0.0-nightly201705043f48ab3042_v8":57.240161,"8.0.0-nightly201705043f48ab3042_v8_turbo_ignition":48.781279,"8.0.0-nightly20170415265fc0bedc_chakra":65.751259,"8.0.0-nightly20170505fe44f54949_chakra":59.378722},"./tests/eval.js":{"6.10.1_v8":56.339149,"7.10.0_v8":51.058539,"7.10.0_v8_turbo_ignition":52.211861,"8.0.0-nightly201705043f48ab3042_v8":48.391763,"8.0.0-nightly201705043f48ab3042_v8_turbo_ignition":47.906717,"8.0.0-nightly20170415265fc0bedc_chakra":60.629728,"8.0.0-nightly20170505fe44f54949_chakra":62.469039},"./tests/for-in-loop-using-array.js":{"6.10.1_v8":55.069598,"7.10.0_v8":50.908524,"7.10.0_v8_turbo_ignition":48.493572,"8.0.0-nightly201705043f48ab3042_v8":51.805832,"8.0.0-nightly201705043f48ab3042_v8_turbo_ignition":47.888896,"8.0.0-nightly20170415265fc0bedc_chakra":63.642735,"8.0.0-nightly20170505fe44f54949_chakra":60.351429},"./tests/for-in-loop-with-outer-scope-key.js":{"6.10.1_v8":53.829403,"7.10.0_v8":53.664655,"7.10.0_v8_turbo_ignition":53.816327,"8.0.0-nightly201705043f48ab3042_v8":51.077735,"8.0.0-nightly201705043f48ab3042_v8_turbo_ignition":48.560643,"8.0.0-nightly20170415265fc0bedc_chakra":64.441583,"8.0.0-nightly20170505fe44f54949_chakra":59.754893},"./tests/for-in-loop-without-simple-enumerable.js":{"6.10.1_v8":54.735178,"7.10.0_v8":54.029629,"7.10.0_v8_turbo_ignition":52.388685,"8.0.0-nightly201705043f48ab3042_v8":52.148334,"8.0.0-nightly201705043f48ab3042_v8_turbo_ignition":49.793612,"8.0.0-nightly20170415265fc0bedc_chakra":71.102329,"8.0.0-nightly20170505fe44f54949_chakra":64.706331},"./tests/for-in-loop.js":{"6.10.1_v8":54.759351,"7.10.0_v8":53.140153,"7.10.0_v8_turbo_ignition":52.699045,"8.0.0-nightly201705043f48ab3042_v8":49.41888,"8.0.0-nightly201705043f48ab3042_v8_turbo_ignition":48.564574,"8.0.0-nightly20170415265fc0bedc_chakra":63.641417,"8.0.0-nightly20170505fe44f54949_chakra":60.718744},"./tests/input-multiple-classes.js":{"6.10.1_v8":58.789228,"7.10.0_v8":53.123821,"7.10.0_v8_turbo_ignition":53.787725,"8.0.0-nightly201705043f48ab3042_v8":49.997216,"8.0.0-nightly201705043f48ab3042_v8_turbo_ignition":48.779313,"8.0.0-nightly20170415265fc0bedc_chakra":61.465279,"8.0.0-nightly20170505fe44f54949_chakra":63.752375},"./tests/input-multiple-shadow-class.js":{"6.10.1_v8":54.115141,"7.10.0_v8":58.931994,"7.10.0_v8_turbo_ignition":56.573167,"8.0.0-nightly201705043f48ab3042_v8":49.883257,"8.0.0-nightly201705043f48ab3042_v8_turbo_ignition":53.951972,"8.0.0-nightly20170415265fc0bedc_chakra":61.449853,"8.0.0-nightly20170505fe44f54949_chakra":64.494475},"./tests/input-multiple-types.js":{"6.10.1_v8":54.872684,"7.10.0_v8":54.339639,"7.10.0_v8_turbo_ignition":51.812051,"8.0.0-nightly201705043f48ab3042_v8":49.889165,"8.0.0-nightly201705043f48ab3042_v8_turbo_ignition":47.75914,"8.0.0-nightly20170415265fc0bedc_chakra":59.661169,"8.0.0-nightly20170505fe44f54949_chakra":60.044726},"./tests/leaks-arguments-via-closure.js":{"6.10.1_v8":54.101933,"7.10.0_v8":52.167452,"7.10.0_v8_turbo_ignition":52.404335,"8.0.0-nightly201705043f48ab3042_v8":50.966446,"8.0.0-nightly201705043f48ab3042_v8_turbo_ignition":48.737073,"8.0.0-nightly20170415265fc0bedc_chakra":62.299405,"8.0.0-nightly20170505fe44f54949_chakra":64.970014},"./tests/manually-copy-arguments.js":{"6.10.1_v8":57.144663,"7.10.0_v8":54.033811,"7.10.0_v8_turbo_ignition":53.507596,"8.0.0-nightly201705043f48ab3042_v8":50.584687,"8.0.0-nightly201705043f48ab3042_v8_turbo_ignition":51.937637,"8.0.0-nightly20170415265fc0bedc_chakra":67.309176,"8.0.0-nightly20170505fe44f54949_chakra":62.802534},"./tests/nested-functions.js":{"6.10.1_v8":59.080408,"7.10.0_v8":54.798366,"7.10.0_v8_turbo_ignition":56.275343,"8.0.0-nightly201705043f48ab3042_v8":53.242031,"8.0.0-nightly201705043f48ab3042_v8_turbo_ignition":51.299916,"8.0.0-nightly20170415265fc0bedc_chakra":66.463768,"8.0.0-nightly20170505fe44f54949_chakra":59.913366},"./tests/noop.js":{"6.10.1_v8":55.098993,"7.10.0_v8":51.058033,"7.10.0_v8_turbo_ignition":55.987289,"8.0.0-nightly201705043f48ab3042_v8":52.095236,"8.0.0-nightly201705043f48ab3042_v8_turbo_ignition":50.628861,"8.0.0-nightly20170415265fc0bedc_chakra":61.690026,"8.0.0-nightly20170505fe44f54949_chakra":64.053821},"./tests/object-literal-with-getter.js":{"6.10.1_v8":56.676529,"7.10.0_v8":56.817595,"7.10.0_v8_turbo_ignition":52.231966,"8.0.0-nightly201705043f48ab3042_v8":56.817618,"8.0.0-nightly201705043f48ab3042_v8_turbo_ignition":48.851211,"8.0.0-nightly20170415265fc0bedc_chakra":62.547334,"8.0.0-nightly20170505fe44f54949_chakra":83.398398},"./tests/object-literal-with-setter.js":{"6.10.1_v8":54.240392,"7.10.0_v8":52.867418,"7.10.0_v8_turbo_ignition":48.585633,"8.0.0-nightly201705043f48ab3042_v8":50.0792,"8.0.0-nightly201705043f48ab3042_v8_turbo_ignition":46.920944,"8.0.0-nightly20170415265fc0bedc_chakra":66.586259,"8.0.0-nightly20170505fe44f54949_chakra":62.308074},"./tests/overwrite-named-arg-and-reading-arguments.js":{"6.10.1_v8":51.960307,"7.10.0_v8":54.533581,