{"./tests/access-non-existent-arguments-index.js":{"6.10.1_v8":51.519456,"7.10.0_v8":49.684395,"7.10.0_v8_turbo_ignition":48.0714,"8.0.0_v8":50.66774,"8.0.0_v8_turbo_ignition":50.293365,"8.0.0-nightly20170415265fc0bedc_chakra":62.132312,"8.0.0-nightly20170505fe44f54949_chakra":59.539711},"./tests/access-valid-arguments-index.js":{"6.10.1_v8":51.554704,"7.10.0_v8":49.579707,"7.10.0_v8_turbo_ignition":52.053094,"8.0.0_v8":51.516676,"8.0.0_v8_turbo_ignition":49.738556,"8.0.0-nightly20170415265fc0bedc_chakra":57.593349,"8.0.0-nightly20170505fe44f54949_chakra":57.917355},"./tests/assign-to-arguments.js":{"6.10.1_v8":52.126156,"7.10.0_v8":50.146477,"7.10.0_v8_turbo_ignition":52.162429,"8.0.0_v8":51.540656,"8.0.0_v8_turbo_ignition":48.465434,"8.0.0-nightly20170415265fc0bedc_chakra":59.743535,"8.0.0-nightly20170505fe44f54949_chakra":60.595552},"./tests/async-await.js":{"6.10.1_v8":"Command failed: /home/vladimir/.nvm/versions/node/v6.10.1/bin/node ./tests/async-await.js 100\n/media/vladimir/DATA/Projects/node_engine_bench/tests/async-await.js:2\nasync function exec(arg) {\n      ^^^^^^^^\nSyntaxError: Unexpected token function\n    at createScript (vm.js:56:10)\n    at Object.runInThisContext (vm.js:97:10)\n    at Module._compile (module.js:542:28)\n    at Object.Module._extensions..js (module.js:579:10)\n    at Module.load (module.js:487:32)\n    at tryModuleLoad (module.js:446:12)\n    at Function.Module._load (module.js:438:3)\n    at Module.runMain (module.js:604:10)\n    at run (bootstrap_node.js:393:7)\n    at startup (bootstrap_node.js:150:9)\n","7.10.0_v8":52.648195,"7.10.0_v8_turbo_ignition":54.373684,"8.0.0_v8":54.179025,"8.0.0_v8_turbo_ignition":49.475265,"8.0.0-nightly20170415265fc0bedc_chakra":66.670644,"8.0.0-nightly20170505fe44f54949_chakra":60.694716},"./tests/bound-funtion.js":{"6.10.1_v8":52.796058,"7.10.0_v8":52.084585,"7.10.0_v8_turbo_ignition":50.610203,"8.0.0_v8":49.303234,"8.0.0_v8_turbo_ignition":48.214278,"8.0.0-nightly20170415265fc0bedc_chakra":59.741851,"8.0.0-nightly20170505fe44f54949_chakra":58.089586},"./tests/calls-bind.js":{"6.10.1_v8":52.485415,"7.10.0_v8":50.176929,"7.10.0_v8_turbo_ignition":49.812053,"8.0.0_v8":52.200685,"8.0.0_v8_turbo_ignition":48.891293,"8.0.0-nightly20170415265fc0bedc_chakra":60.540407,"8.0.0-nightly20170505fe44f54949_chakra":58.416709},"./tests/closure-function.js":{"6.10.1_v8":53.64124,"7.10.0_v8":52.649424,"7.10.0_v8_turbo_ignition":48.584642,"8.0.0_v8":48.713826,"8.0.0_v8_turbo_ignition":48.07949,"8.0.0-nightly20170415265fc0bedc_chakra":59.02382,"8.0.0-nightly20170505fe44f54949_chakra":61.15624},"./tests/debugger.js":{"6.10.1_v8":52.86206,"7.10.0_v8":51.183888,"7.10.0_v8_turbo_ignition":49.161964,"8.0.0_v8":49.535151,"8.0.0_v8_turbo_ignition":48.309921,"8.0.0-nightly20170415265fc0bedc_chakra":65.291238,"8.0.0-nightly20170505fe44f54949_chakra":57.830059},"./tests/eval.js":{"6.10.1_v8":51.422673,"7.10.0_v8":51.049774,"7.10.0_v8_turbo_ignition":50.137714,"8.0.0_v8":49.888609,"8.0.0_v8_turbo_ignition":48.993265,"8.0.0-nightly20170415265fc0bedc_chakra":68.57201,"8.0.0-nightly20170505fe44f54949_chakra":60.352363},"./tests/for-in-loop-using-array.js":{"6.10.1_v8":54.848118,"7.10.0_v8":48.208034,"7.10.0_v8_turbo_ignition":47.440695,"8.0.0_v8":49.393254,"8.0.0_v8_turbo_ignition":49.183534,"8.0.0-nightly20170415265fc0bedc_chakra":60.016145,"8.0.0-nightly20170505fe44f54949_chakra":57.243993},"./tests/for-in-loop-with-outer-scope-key.js":{"6.10.1_v8":50.44068,"7.10.0_v8":49.394529,"7.10.0_v8_turbo_ignition":50.117171,"8.0.0_v8":50.583912,"8.0.0_v8_turbo_ignition":47.248592,"8.0.0-nightly20170415265fc0bedc_chakra":63.134474,"8.0.0-nightly20170505fe44f54949_chakra":58.752062},"./tests/for-in-loop-without-simple-enumerable.js":{"6.10.1_v8":53.522162,"7.10.0_v8":50.22072,"7.10.0_v8_turbo_ignition":47.749014,"8.0.0_v8":48.592287,"8.0.0_v8_turbo_ignition":46.834781,"8.0.0-nightly20170415265fc0bedc_chakra":60.771485,"8.0.0-nightly20170505fe44f54949_chakra":58.695662},"./tests/for-in-loop.js":{"6.10.1_v8":52.326089,"7.10.0_v8":49.584227,"7.10.0_v8_turbo_ignition":51.34326,"8.0.0_v8":51.721043,"8.0.0_v8_turbo_ignition":48.624453,"8.0.0-nightly20170415265fc0bedc_chakra":58.317575,"8.0.0-nightly20170505fe44f54949_chakra":60.166244},"./tests/input-multiple-classes.js":{"6.10.1_v8":51.273049,"7.10.0_v8":51.921191,"7.10.0_v8_turbo_ignition":49.026157,"8.0.0_v8":50.268595,"8.0.0_v8_turbo_ignition":48.305869,"8.0.0-nightly20170415265fc0bedc_chakra":58.776927,"8.0.0-nightly20170505fe44f54949_chakra":60.220586},"./tests/input-multiple-shadow-class.js":{"6.10.1_v8":51.798984,"7.10.0_v8":51.114963,"7.10.0_v8_turbo_ignition":48.835246,"8.0.0_v8":49.663594,"8.0.0_v8_turbo_ignition":49.591782,"8.0.0-nightly20170415265fc0bedc_chakra":58.834378,"8.0.0-nightly20170505fe44f54949_chakra":60.390969},"./tests/input-multiple-types.js":{"6.10.1_v8":53.558743,"7.10.0_v8":51.453276,"7.10.0_v8_turbo_ignition":51.119909,"8.0.0_v8":48.685174,"8.0.0_v8_turbo_ignition":49.506865,"8.0.0-nightly20170415265fc0bedc_chakra":57.251144,"8.0.0-nightly20170505fe44f54949_chakra":59.047027},"./tests/leaks-arguments-via-closure.js":{"6.10.1_v8":55.307443,"7.10.0_v8":51.006647,"7.10.0_v8_turbo_ignition":48.202197,"8.0.0_v8":49.334701,"8.0.0_v8_turbo_ignition":47.306909,"8.0.0-nightly20170415265fc0bedc_chakra":60.856159,"8.0.0-nightly20170505fe44f54949_chakra":60.171018},"./tests/manually-copy-arguments.js":{"6.10.1_v8":52.071791,"7.10.0_v8":49.825648,"7.10.0_v8_turbo_ignition":48.993813,"8.0.0_v8":50.068213,"8.0.0_v8_turbo_ignition":48.281396,"8.0.0-nightly20170415265fc0bedc_chakra":61.431182,"8.0.0-nightly20170505fe44f54949_chakra":59.162456},"./tests/nested-functions.js":{"6.10.1_v8":52.778169,"7.10.0_v8":51.171626,"7.10.0_v8_turbo_ignition":50.984001,"8.0.0_v8":50.217697,"8.0.0_v8_turbo_ignition":48.611509,"8.0.0-nightly20170415265fc0bedc_chakra":60.15615,"8.0.0-nightly20170505fe44f54949_chakra":60.529437},"./tests/noop.js":{"6.10.1_v8":50.992232,"7.10.0_v8":48.703685,"7.10.0_v8_turbo_ignition":50.621239,"8.0.0_v8":48.833659,"8.0.0_v8_turbo_ignition":48.663271,"8.0.0-nightly20170415265fc0bedc_chakra":57.857646,"8.0.0-nightly20170505fe44f54949_chakra":61.400462},"./tests/object-literal-with-getter.js":{"6.10.1_v8":51.983123,"7.10.0_v8":52.22349,"7.10.0_v8_turbo_ignition":52.715561,"8.0.0_v8":49.268833,"8.0.0_v8_turbo_ignition":49.153586,"8.0.0-nightly20170415265fc0bedc_chakra":58.950476,"8.0.0-nightly20170505fe44f54949_chakra":61.580841},"./tests/object-literal-with-setter.js":{"6.10.1_v8":52.204779,"7.10.0_v8":48.700112,"7.10.0_v8_turbo_ignition":49.599434,"8.0.0_v8":52.939619,"8.0.0_v8_turbo_ignition":51.157244,"8.0.0-nightly20170415265fc0bedc_chakra":59.192156,"8.0.0-nightly20170505fe44f54949_chakra":59.494332},"./tests/overwrite-named-arg-and-reading-arguments.js":{"6.10.1_v8":51.73511,"7.10.0_v8":53.273836,"7.10.0_v8_turbo_ignition":53.602456,"8.0.0_v8":48.752483,"8.0.0_v8_turbo_ignition":46.885683,"8.0.0-nightly20170415265fc0bedc_chakra":59.082936,"8.0.0-nightly20170505fe44f54949_chakra":59.321393},"./tests/overwrite-named-arg.js":{"6.10.1_v8":55.019209,"7.10.0_v8":54.449341,"7.10.0_v8_turbo_ignition":50.962012,"8.0.0_v8":48.693204,"8.0.0_v8_turbo_ignition":47.021068,"8.0.0-nightly20170415265fc0bedc_chakra":58.468125,"8.0.0-nightly20170505fe44f54949_chakra":60.879837},"./tests/pass-arguments-to-call.js":{"6.10.1_v8":50.685983,"7.10.0_v8":48.698925,"7.10.0_v8_turbo_ignition":50.236569,"8.0.0_v8":50.005524,"8.0.0_v8_turbo_ignition":51.705385,"8.0.0-nightly20170415265fc0bedc_chakra":60.601804,"8.0.0-nightly20170505fe44f54949_chakra":60.658471},"./tests/promises.js":{"6.10.1_v8":57.159008,"7.10.0_v8":54.600855,"7.10.0_v8_turbo_ignition":50.493084,"8.0.0_v8":49.052567,"8.0.0_v8_turbo_ignition":49.130655,"8.0.0-nightly20170415265fc0bedc_chakra":62.038908,"8.0.0-nightly20170505fe44f54949_chakra":60.130064},"./tests/rest-parameters.js":{"6.10.1_v8":53.292751,"7.10.0_v8":50.009714,"7.10.0_v8_turbo_ignition":51.11571,"8.0.0_v8":52.258443,