{"./tests/access-non-existent-arguments-index.js":{"v8_6.10.1":59.552112,"v8_7.10.0":54.355765,"v8_7.10.0_turbo_ignition":55.085461,"v8_v8.0.0-nightly201705043f48ab3042":51.005535,"v8_v8.0.0-nightly201705043f48ab3042_turbo_ignition":56.062726,"chakra_v8.0.0-nightly20170415265fc0bedc":68.036788,"chakra_v8.0.0-nightly20170505fe44f54949":72.973635},"./tests/access-valid-arguments-index.js":{"v8_6.10.1":58.658264,"v8_7.10.0":55.700227,"v8_7.10.0_turbo_ignition":58.197655,"v8_v8.0.0-nightly201705043f48ab3042":53.29634,"v8_v8.0.0-nightly201705043f48ab3042_turbo_ignition":55.576499,"chakra_v8.0.0-nightly20170415265fc0bedc":75.659028,"chakra_v8.0.0-nightly20170505fe44f54949":68.178123},"./tests/assign-to-arguments.js":{"v8_6.10.1":57.031207,"v8_7.10.0":56.371139,"v8_7.10.0_turbo_ignition":61.058299,"v8_v8.0.0-nightly201705043f48ab3042":53.282058,"v8_v8.0.0-nightly201705043f48ab3042_turbo_ignition":51.167515,"chakra_v8.0.0-nightly20170415265fc0bedc":65.643866,"chakra_v8.0.0-nightly20170505fe44f54949":64.55538},"./tests/async-await.js":{"v8_6.10.1":"Command failed: /home/vladimir/.nvm/versions/node/v6.10.1/bin/node ./tests/async-await.js 100\n/media/vladimir/DATA/Projects/node_engine_bench/tests/async-await.js:2\nasync function exec(arg) {\n      ^^^^^^^^\nSyntaxError: Unexpected token function\n    at createScript (vm.js:56:10)\n    at Object.runInThisContext (vm.js:97:10)\n    at Module._compile (module.js:542:28)\n    at Object.Module._extensions..js (module.js:579:10)\n    at Module.load (module.js:487:32)\n    at tryModuleLoad (module.js:446:12)\n    at Function.Module._load (module.js:438:3)\n    at Module.runMain (module.js:604:10)\n    at run (bootstrap_node.js:393:7)\n    at startup (bootstrap_node.js:150:9)\n","v8_7.10.0":58.88225,"v8_7.10.0_turbo_ignition":56.50241,"v8_v8.0.0-nightly201705043f48ab3042":55.162115,"v8_v8.0.0-nightly201705043f48ab3042_turbo_ignition":56.617145,"chakra_v8.0.0-nightly20170415265fc0bedc":67.311613,"chakra_v8.0.0-nightly20170505fe44f54949":69.643778},"./tests/bound-funtion.js":{"v8_6.10.1":58.357437,"v8_7.10.0":65.300621,"v8_7.10.0_turbo_ignition":61.393403,"v8_v8.0.0-nightly201705043f48ab3042":61.990748,"v8_v8.0.0-nightly201705043f48ab3042_turbo_ignition":52.825905,"chakra_v8.0.0-nightly20170415265fc0bedc":63.475512,"chakra_v8.0.0-nightly20170505fe44f54949":61.4413},"./tests/calls-bind.js":{"v8_6.10.1":56.524564,"v8_7.10.0":56.126133,"v8_7.10.0_turbo_ignition":54.557362,"v8_v8.0.0-nightly201705043f48ab3042":50.078526,"v8_v8.0.0-nightly201705043f48ab3042_turbo_ignition":52.730893,"chakra_v8.0.0-nightly20170415265fc0bedc":61.439088,"chakra_v8.0.0-nightly20170505fe44f54949":59.370407},"./tests/closure-function.js":{"v8_6.10.1":55.494464,"v8_7.10.0":57.312503,"v8_7.10.0_turbo_ignition":55.794127,"v8_v8.0.0-nightly201705043f48ab3042":52.224085,"v8_v8.0.0-nightly201705043f48ab3042_turbo_ignition":52.422117,"chakra_v8.0.0-nightly20170415265fc0bedc":67.30444,"chakra_v8.0.0-nightly20170505fe44f54949":59.941234},"./tests/debugger.js":{"v8_6.10.1":59.717221,"v8_7.10.0":61.075307,"v8_7.10.0_turbo_ignition":54.554388,"v8_v8.0.0-nightly201705043f48ab3042":50.718535,"v8_v8.0.0-nightly201705043f48ab3042_turbo_ignition":47.385063,"chakra_v8.0.0-nightly20170415265fc0bedc":60.555501,"chakra_v8.0.0-nightly20170505fe44f54949":62.204355},"./tests/eval.js":{"v8_6.10.1":55.04264,"v8_7.10.0":52.741138,"v8_7.10.0_turbo_ignition":52.507384,"v8_v8.0.0-nightly201705043f48ab3042":47.174029,"v8_v8.0.0-nightly201705043f48ab3042_turbo_ignition":53.858986,"chakra_v8.0.0-nightly20170415265fc0bedc":67.523476,"chakra_v8.0.0-nightly20170505fe44f54949":63.324387},"./tests/for-in-loop-using-array.js":{"v8_6.10.1":64.166035,"v8_7.10.0":58.707709,"v8_7.10.0_turbo_ignition":67.11457,"v8_v8.0.0-nightly201705043f48ab3042":65.443211,"v8_v8.0.0-nightly201705043f48ab3042_turbo_ignition":59.494761,"chakra_v8.0.0-nightly20170415265fc0bedc":80.489672,"chakra_v8.0.0-nightly20170505fe44f54949":59.8495},"./tests/for-in-loop-with-outer-scope-key.js":{"v8_6.10.1":58.012597,"v8_7.10.0":54.279289,"v8_7.10.0_turbo_ignition":53.885635,"v8_v8.0.0-nightly201705043f48ab3042":52.94269,"v8_v8.0.0-nightly201705043f48ab3042_turbo_ignition":49.091301,"chakra_v8.0.0-nightly20170415265fc0bedc":61.426734,"chakra_v8.0.0-nightly20170505fe44f54949":62.931099},"./tests/for-in-loop-without-simple-enumerable.js":{"v8_6.10.1":60.852654,"v8_7.10.0":53.404235,"v8_7.10.0_turbo_ignition":57.305255,"v8_v8.0.0-nightly201705043f48ab3042":55.966714,"v8_v8.0.0-nightly201705043f48ab3042_turbo_ignition":51.780725,"chakra_v8.0.0-nightly20170415265fc0bedc":76.889386,"chakra_v8.0.0-nightly20170505fe44f54949":65.037196},"./tests/for-in-loop.js":{"v8_6.10.1":60.213508,"v8_7.10.0":56.372966,"v8_7.10.0_turbo_ignition":56.760881,"v8_v8.0.0-nightly201705043f48ab3042":55.815839,"v8_v8.0.0-nightly201705043f48ab3042_turbo_ignition":51.500659,"chakra_v8.0.0-nightly20170415265fc0bedc":71.023779,"chakra_v8.0.0-nightly20170505fe44f54949":69.940656},"./tests/input-multiple-classes.js":{"v8_6.10.1":60.947129,"v8_7.10.0":56.798106,"v8_7.10.0_turbo_ignition":55.896808,"v8_v8.0.0-nightly201705043f48ab3042":58.134854,"v8_v8.0.0-nightly201705043f48ab3042_turbo_ignition":56.513836,"chakra_v8.0.0-nightly20170415265fc0bedc":76.332876,"chakra_v8.0.0-nightly20170505fe44f54949":65.276366},"./tests/input-multiple-shadow-class.js":{"v8_6.10.1":56.056963,"v8_7.10.0":56.722905,"v8_7.10.0_turbo_ignition":56.995415,"v8_v8.0.0-nightly201705043f48ab3042":53.757848,"v8_v8.0.0-nightly201705043f48ab3042_turbo_ignition":50.429892,"chakra_v8.0.0-nightly20170415265fc0bedc":66.755824,"chakra_v8.0.0-nightly20170505fe44f54949":70.158463},"./tests/input-multiple-types.js":{"v8_6.10.1":59.62602,"v8_7.10.0":75.290954,"v8_7.10.0_turbo_ignition":56.649847,"v8_v8.0.0-nightly201705043f48ab3042":54.469263,"v8_v8.0.0-nightly201705043f48ab3042_turbo_ignition":49.615016,"chakra_v8.0.0-nightly20170415265fc0bedc":62.660081,"chakra_v8.0.0-nightly20170505fe44f54949":64.705634},"./tests/leaks-arguments-via-closure.js":{"v8_6.10.1":57.018681,"v8_7.10.0":57.797114,"v8_7.10.0_turbo_ignition":52.394939,"v8_v8.0.0-nightly201705043f48ab3042":54.548205,"v8_v8.0.0-nightly201705043f48ab3042_turbo_ignition":48.790673,"chakra_v8.0.0-nightly20170415265fc0bedc":64.656522,"chakra_v8.0.0-nightly20170505fe44f54949":62.382231},"./tests/manually-copy-arguments.js":{"v8_6.10.1":54.322997,"v8_7.10.0":53.830907,"v8_7.10.0_turbo_ignition":51.80938,"v8_v8.0.0-nightly201705043f48ab3042":51.741795,"v8_v8.0.0-nightly201705043f48ab3042_turbo_ignition":48.997383,"chakra_v8.0.0-nightly20170415265fc0bedc":63.922711,"chakra_v8.0.0-nightly20170505fe44f54949":63.235459},"./tests/nested-functions.js":{"v8_6.10.1":58.666741,"v8_7.10.0":54.331364,"v8_7.10.0_turbo_ignition":54.509666,"v8_v8.0.0-nightly201705043f48ab3042":50.656223,"v8_v8.0.0-nightly201705043f48ab3042_turbo_ignition":48.608518,"chakra_v8.0.0-nightly20170415265fc0bedc":64.032447,"chakra_v8.0.0-nightly20170505fe44f54949":60.219834},"./tests/noop.js":{"v8_6.10.1":55.233667,"v8_7.10.0":51.729544,"v8_7.10.0_turbo_ignition":52.43762,"v8_v8.0.0-nightly201705043f48ab3042":48.550225,"v8_v8.0.0-nightly201705043f48ab3042_turbo_ignition":48.936876,"chakra_v8.0.0-nightly20170415265fc0bedc":60.763686,"chakra_v8.0.0-nightly20170505fe44f54949":62.780377},"./tests/object-literal-with-getter.js":{"v8_6.10.1":53.717788,"v8_7.10.0":53.798206,"v8_7.10.0_turbo_ignition":53.293721,"v8_v8.0.0-nightly201705043f48ab3042":49.990411,"v8_v8.0.0-nightly201705043f48ab3042_turbo_ignition":47.677068,"chakra_v8.0.0-nightly20170415265fc0bedc":59.413088,"chakra_v8.0.0-nightly20170505fe44f54949":64.409447},"./tests/object-literal-with-setter.js":{"v8_6.10.1":51.831453,"v8_7.10.0":53.657114,"v8_7.10.0_turbo_ignition":50.053132,"v8_v8.0.0-nightly201705043f48ab3042":49.326215,"v8_v8.0.0-nightly201705043f48ab3042_turbo_ignition":45.948104,"chakra_v8.0.0-nightly20170415265fc0bedc":62.228119,"chakra_v8.0.0-nightly20170505fe44f54949":61.214537},