{"./tests/access-non-existent-arguments-index.js":{"6.10.1_v8":53.520927,"7.10.0_v8":53.729607,"7.10.0_v8_turbo_ignition":51.371751,"8.0.0-nightly201705043f48ab3042_v8":53.677788,"8.0.0-nightly201705043f48ab3042_v8_turbo_ignition":47.821424,"8.0.0-nightly20170415265fc0bedc_chakra":80.584856,"8.0.0-nightly20170505fe44f54949_chakra":71.999149},"./tests/access-valid-arguments-index.js":{"6.10.1_v8":53.817823,"7.10.0_v8":56.486231,"7.10.0_v8_turbo_ignition":55.568537,"8.0.0-nightly201705043f48ab3042_v8":52.731336,"8.0.0-nightly201705043f48ab3042_v8_turbo_ignition":49.220226,"8.0.0-nightly20170415265fc0bedc_chakra":62.841522,"8.0.0-nightly20170505fe44f54949_chakra":61.340912},"./tests/assign-to-arguments.js":{"6.10.1_v8":65.953126,"7.10.0_v8":55.240606,"7.10.0_v8_turbo_ignition":52.168741,"8.0.0-nightly201705043f48ab3042_v8":50.062693,"8.0.0-nightly201705043f48ab3042_v8_turbo_ignition":48.219583,"8.0.0-nightly20170415265fc0bedc_chakra":62.08563,"8.0.0-nightly20170505fe44f54949_chakra":64.481229},"./tests/async-await.js":{"6.10.1_v8":"Command failed: /home/vladimir/.nvm/versions/node/v6.10.1/bin/node ./tests/async-await.js 1000\n/media/vladimir/DATA/Projects/node_engine_bench/tests/async-await.js:2\nasync function exec(arg) {\n      ^^^^^^^^\nSyntaxError: Unexpected token function\n    at createScript (vm.js:56:10)\n    at Object.runInThisContext (vm.js:97:10)\n    at Module._compile (module.js:542:28)\n    at Object.Module._extensions..js (module.js:579:10)\n    at Module.load (module.js:487:32)\n    at tryModuleLoad (module.js:446:12)\n    at Function.Module._load (module.js:438:3)\n    at Module.runMain (module.js:604:10)\n    at run (bootstrap_node.js:393:7)\n    at startup (bootstrap_node.js:150:9)\n","7.10.0_v8":59.874077,"7.10.0_v8_turbo_ignition":57.147997,"8.0.0-nightly201705043f48ab3042_v8":52.277675,"8.0.0-nightly201705043f48ab3042_v8_turbo_ignition":51.785298,"8.0.0-nightly20170415265fc0bedc_chakra":77.933187,"8.0.0-nightly20170505fe44f54949_chakra":71.836795},"./tests/bound-funtion.js":{"6.10.1_v8":52.915907,"7.10.0_v8":55.134273,"7.10.0_v8_turbo_ignition":49.689787,"8.0.0-nightly201705043f48ab3042_v8":47.739895,"8.0.0-nightly201705043f48ab3042_v8_turbo_ignition":47.139908,"8.0.0-nightly20170415265fc0bedc_chakra":62.583583,"8.0.0-nightly20170505fe44f54949_chakra":60.095471},"./tests/calls-bind.js":{"6.10.1_v8":57.117142,"7.10.0_v8":52.791588,"7.10.0_v8_turbo_ignition":50.963686,"8.0.0-nightly201705043f48ab3042_v8":54.487782,"8.0.0-nightly201705043f48ab3042_v8_turbo_ignition":46.505525,"8.0.0-nightly20170415265fc0bedc_chakra":59.565218,"8.0.0-nightly20170505fe44f54949_chakra":59.407851},"./tests/closure-function.js":{"6.10.1_v8":54.140182,"7.10.0_v8":52.808169,"7.10.0_v8_turbo_ignition":53.322537,"8.0.0-nightly201705043f48ab3042_v8":52.379464,"8.0.0-nightly201705043f48ab3042_v8_turbo_ignition":51.458782,"8.0.0-nightly20170415265fc0bedc_chakra":61.841087,"8.0.0-nightly20170505fe44f54949_chakra":61.997002},"./tests/debugger.js":{"6.10.1_v8":61.67632,"7.10.0_v8":54.095638,"7.10.0_v8_turbo_ignition":53.328919,"8.0.0-nightly201705043f48ab3042_v8":50.780276,"8.0.0-nightly201705043f48ab3042_v8_turbo_ignition":58.846649,"8.0.0-nightly20170415265fc0bedc_chakra":64.423131,"8.0.0-nightly20170505fe44f54949_chakra":61.649081},"./tests/eval.js":{"6.10.1_v8":54.618248,"7.10.0_v8":53.285631,"7.10.0_v8_turbo_ignition":53.690298,"8.0.0-nightly201705043f48ab3042_v8":48.281776,"8.0.0-nightly201705043f48ab3042_v8_turbo_ignition":45.385754,"8.0.0-nightly20170415265fc0bedc_chakra":68.228559,"8.0.0-nightly20170505fe44f54949_chakra":65.162613},"./tests/for-in-loop-using-array.js":{"6.10.1_v8":54.074026,"7.10.0_v8":52.396112,"7.10.0_v8_turbo_ignition":51.537032,"8.0.0-nightly201705043f48ab3042_v8":50.709271,"8.0.0-nightly201705043f48ab3042_v8_turbo_ignition":47.396702,"8.0.0-nightly20170415265fc0bedc_chakra":64.100013,"8.0.0-nightly20170505fe44f54949_chakra":61.366167},"./tests/for-in-loop-with-outer-scope-key.js":{"6.10.1_v8":53.087798,"7.10.0_v8":49.936486,"7.10.0_v8_turbo_ignition":69.446437,"8.0.0-nightly201705043f48ab3042_v8":57.119655,"8.0.0-nightly201705043f48ab3042_v8_turbo_ignition":48.829494,"8.0.0-nightly20170415265fc0bedc_chakra":64.637907,"8.0.0-nightly20170505fe44f54949_chakra":61.705445},"./tests/for-in-loop-without-simple-enumerable.js":{"6.10.1_v8":60.262441,"7.10.0_v8":59.449458,"7.10.0_v8_turbo_ignition":57.821859,"8.0.0-nightly201705043f48ab3042_v8":56.829356,"8.0.0-nightly201705043f48ab3042_v8_turbo_ignition":49.900268,"8.0.0-nightly20170415265fc0bedc_chakra":64.165034,"8.0.0-nightly20170505fe44f54949_chakra":62.925807},"./tests/for-in-loop.js":{"6.10.1_v8":57.587379,"7.10.0_v8":53.712818,"7.10.0_v8_turbo_ignition":53.420684,"8.0.0-nightly201705043f48ab3042_v8":54.152211,"8.0.0-nightly201705043f48ab3042_v8_turbo_ignition":49.762235,"8.0.0-nightly20170415265fc0bedc_chakra":63.510193,"8.0.0-nightly20170505fe44f54949_chakra":61.922875},"./tests/input-multiple-classes.js":{"6.10.1_v8":58.099783,"7.10.0_v8":52.65748,"7.10.0_v8_turbo_ignition":54.132591,"8.0.0-nightly201705043f48ab3042_v8":51.935629,"8.0.0-nightly201705043f48ab3042_v8_turbo_ignition":52.562578,"8.0.0-nightly20170415265fc0bedc_chakra":63.367003,"8.0.0-nightly20170505fe44f54949_chakra":64.620296},"./tests/input-multiple-shadow-class.js":{"6.10.1_v8":62.415689,"7.10.0_v8":52.681309,"7.10.0_v8_turbo_ignition":57.76541,"8.0.0-nightly201705043f48ab3042_v8":50.56949,"8.0.0-nightly201705043f48ab3042_v8_turbo_ignition":52.319728,"8.0.0-nightly20170415265fc0bedc_chakra":62.811057,"8.0.0-nightly20170505fe44f54949_chakra":63.560653},"./tests/input-multiple-types.js":{"6.10.1_v8":53.562061,"7.10.0_v8":53.141257,"7.10.0_v8_turbo_ignition":53.377652,"8.0.0-nightly201705043f48ab3042_v8":49.881396,"8.0.0-nightly201705043f48ab3042_v8_turbo_ignition":50.403346,"8.0.0-nightly20170415265fc0bedc_chakra":63.218734,"8.0.0-nightly20170505fe44f54949_chakra":61.443059},"./tests/leaks-arguments-via-closure.js":{"6.10.1_v8":52.536808,"7.10.0_v8":55.383842,"7.10.0_v8_turbo_ignition":59.174443,"8.0.0-nightly201705043f48ab3042_v8":54.556842,"8.0.0-nightly201705043f48ab3042_v8_turbo_ignition":48.702546,"8.0.0-nightly20170415265fc0bedc_chakra":62.10981,"8.0.0-nightly20170505fe44f54949_chakra":63.625848},"./tests/manually-copy-arguments.js":{"6.10.1_v8":53.944417,"7.10.0_v8":54.095007,"7.10.0_v8_turbo_ignition":51.616925,"8.0.0-nightly201705043f48ab3042_v8":50.143327,"8.0.0-nightly201705043f48ab3042_v8_turbo_ignition":48.291048,"8.0.0-nightly20170415265fc0bedc_chakra":64.613327,"8.0.0-nightly20170505fe44f54949_chakra":61.027107},"./tests/nested-functions.js":{"6.10.1_v8":58.99703,"7.10.0_v8":53.120148,"7.10.0_v8_turbo_ignition":51.66233,"8.0.0-nightly201705043f48ab3042_v8":48.379123,"8.0.0-nightly201705043f48ab3042_v8_turbo_ignition":46.326204,"8.0.0-nightly20170415265fc0bedc_chakra":60.117985,"8.0.0-nightly20170505fe44f54949_chakra":59.977682},"./tests/noop.js":{"6.10.1_v8":57.519972,"7.10.0_v8":52.51893,"7.10.0_v8_turbo_ignition":51.059109,"8.0.0-nightly201705043f48ab3042_v8":48.91253,"8.0.0-nightly201705043f48ab3042_v8_turbo_ignition":52.81416,"8.0.0-nightly20170415265fc0bedc_chakra":60.906048,"8.0.0-nightly20170505fe44f54949_chakra":61.663934},"./tests/object-literal-with-getter.js":{"6.10.1_v8":54.209479,"7.10.0_v8":54.546227,"7.10.0_v8_turbo_ignition":55.239957,"8.0.0-nightly201705043f48ab3042_v8":51.079444,"8.0.0-nightly201705043f48ab3042_v8_turbo_ignition":50.745524,"8.0.0-nightly20170415265fc0bedc_chakra":62.360245,"8.0.0-nightly20170505fe44f54949_chakra":61.911462},"./tests/object-literal-with-setter.js":{"6.10.1_v8":58.585579,"7.10.0_v8":54.767834,"7.10.0_v8_turbo_ignition":51.938214,"8.0.0-nightly201705043f48ab3042_v8":53.362093,"8.0.0-nightly201705043f48ab3042_v8_turbo_ignition":49.266132,"8.0.0-nightly20170415265fc0bedc_chakra":61.161347,"8.0.0-nightly20170505fe44f54949_chakra":60.979901},"./tests/overwrite-named-arg-and-reading-arguments.js":{"6.10.1_v8":52.739132,"7.10.0_v8":55.399458,