{"./tests/access-non-existent-arguments-index.js":{"6.10.1_v8":58.755491,"7.10.0_v8":52.299799,"7.10.0_v8_turbo_ignition":52.187094,"8.0.0-nightly201705043f48ab3042_v8":48.65329,"8.0.0-nightly201705043f48ab3042_v8_turbo_ignition":55.795436,"8.0.0-nightly20170415265fc0bedc_chakra":60.42909,"8.0.0-nightly20170505fe44f54949_chakra":60.267586},"./tests/access-valid-arguments-index.js":{"6.10.1_v8":53.46597,"7.10.0_v8":54.42511,"7.10.0_v8_turbo_ignition":51.391565,"8.0.0-nightly201705043f48ab3042_v8":54.41048,"8.0.0-nightly201705043f48ab3042_v8_turbo_ignition":47.39277,"8.0.0-nightly20170415265fc0bedc_chakra":60.190985,"8.0.0-nightly20170505fe44f54949_chakra":62.838323},"./tests/assign-to-arguments.js":{"6.10.1_v8":53.877927,"7.10.0_v8":53.203413,"7.10.0_v8_turbo_ignition":51.774982,"8.0.0-nightly201705043f48ab3042_v8":51.738081,"8.0.0-nightly201705043f48ab3042_v8_turbo_ignition":46.981029,"8.0.0-nightly20170415265fc0bedc_chakra":63.055429,"8.0.0-nightly20170505fe44f54949_chakra":59.2253},"./tests/async-await.js":{"6.10.1_v8":"Command failed: /home/vladimir/.nvm/versions/node/v6.10.1/bin/node ./tests/async-await.js 10\n/media/vladimir/DATA/Projects/node_engine_bench/tests/async-await.js:2\nasync function exec(arg) {\n      ^^^^^^^^\nSyntaxError: Unexpected token function\n    at createScript (vm.js:56:10)\n    at Object.runInThisContext (vm.js:97:10)\n    at Module._compile (module.js:542:28)\n    at Object.Module._extensions..js (module.js:579:10)\n    at Module.load (module.js:487:32)\n    at tryModuleLoad (module.js:446:12)\n    at Function.Module._load (module.js:438:3)\n    at Module.runMain (module.js:604:10)\n    at run (bootstrap_node.js:393:7)\n    at startup (bootstrap_node.js:150:9)\n","7.10.0_v8":63.405265,"7.10.0_v8_turbo_ignition":52.968656,"8.0.0-nightly201705043f48ab3042_v8":49.931218,"8.0.0-nightly201705043f48ab3042_v8_turbo_ignition":46.962295,"8.0.0-nightly20170415265fc0bedc_chakra":63.760701,"8.0.0-nightly20170505fe44f54949_chakra":60.805102},"./tests/bound-funtion.js":{"6.10.1_v8":53.263557,"7.10.0_v8":51.782869,"7.10.0_v8_turbo_ignition":57.483279,"8.0.0-nightly201705043f48ab3042_v8":51.322976,"8.0.0-nightly201705043f48ab3042_v8_turbo_ignition":48.312195,"8.0.0-nightly20170415265fc0bedc_chakra":61.249209,"8.0.0-nightly20170505fe44f54949_chakra":60.964416},"./tests/calls-bind.js":{"6.10.1_v8":53.209413,"7.10.0_v8":52.655467,"7.10.0_v8_turbo_ignition":54.20168,"8.0.0-nightly201705043f48ab3042_v8":50.088057,"8.0.0-nightly201705043f48ab3042_v8_turbo_ignition":49.099508,"8.0.0-nightly20170415265fc0bedc_chakra":62.355556,"8.0.0-nightly20170505fe44f54949_chakra":61.659185},"./tests/closure-function.js":{"6.10.1_v8":54.266597,"7.10.0_v8":59.015006,"7.10.0_v8_turbo_ignition":52.998382,"8.0.0-nightly201705043f48ab3042_v8":51.915423,"8.0.0-nightly201705043f48ab3042_v8_turbo_ignition":48.89789,"8.0.0-nightly20170415265fc0bedc_chakra":66.603389,"8.0.0-nightly20170505fe44f54949_chakra":64.398717},"./tests/debugger.js":{"6.10.1_v8":54.280605,"7.10.0_v8":64.516171,"7.10.0_v8_turbo_ignition":55.468224,"8.0.0-nightly201705043f48ab3042_v8":51.767049,"8.0.0-nightly201705043f48ab3042_v8_turbo_ignition":48.121267,"8.0.0-nightly20170415265fc0bedc_chakra":64.437877,"8.0.0-nightly20170505fe44f54949_chakra":68.250615},"./tests/eval.js":{"6.10.1_v8":58.303043,"7.10.0_v8":53.277021,"7.10.0_v8_turbo_ignition":51.002487,"8.0.0-nightly201705043f48ab3042_v8":50.273372,"8.0.0-nightly201705043f48ab3042_v8_turbo_ignition":48.937045,"8.0.0-nightly20170415265fc0bedc_chakra":62.557161,"8.0.0-nightly20170505fe44f54949_chakra":61.346572},"./tests/for-in-loop-using-array.js":{"6.10.1_v8":54.056406,"7.10.0_v8":52.146942,"7.10.0_v8_turbo_ignition":58.303827,"8.0.0-nightly201705043f48ab3042_v8":48.455947,"8.0.0-nightly201705043f48ab3042_v8_turbo_ignition":47.732007,"8.0.0-nightly20170415265fc0bedc_chakra":64.929406,"8.0.0-nightly20170505fe44f54949_chakra":62.479843},"./tests/for-in-loop-with-outer-scope-key.js":{"6.10.1_v8":56.244458,"7.10.0_v8":53.336135,"7.10.0_v8_turbo_ignition":56.486283,"8.0.0-nightly201705043f48ab3042_v8":50.203911,"8.0.0-nightly201705043f48ab3042_v8_turbo_ignition":47.988658,"8.0.0-nightly20170415265fc0bedc_chakra":63.869354,"8.0.0-nightly20170505fe44f54949_chakra":60.882635},"./tests/for-in-loop-without-simple-enumerable.js":{"6.10.1_v8":57.192812,"7.10.0_v8":53.722292,"7.10.0_v8_turbo_ignition":53.20554,"8.0.0-nightly201705043f48ab3042_v8":50.873289,"8.0.0-nightly201705043f48ab3042_v8_turbo_ignition":48.865604,"8.0.0-nightly20170415265fc0bedc_chakra":61.382494,"8.0.0-nightly20170505fe44f54949_chakra":64.776372},"./tests/for-in-loop.js":{"6.10.1_v8":52.718318,"7.10.0_v8":56.755884,"7.10.0_v8_turbo_ignition":56.846835,"8.0.0-nightly201705043f48ab3042_v8":52.823736,"8.0.0-nightly201705043f48ab3042_v8_turbo_ignition":50.10198,"8.0.0-nightly20170415265fc0bedc_chakra":65.848625,"8.0.0-nightly20170505fe44f54949_chakra":63.601574},"./tests/input-multiple-classes.js":{"6.10.1_v8":54.086823,"7.10.0_v8":56.672643,"7.10.0_v8_turbo_ignition":53.862215,"8.0.0-nightly201705043f48ab3042_v8":50.808269,"8.0.0-nightly201705043f48ab3042_v8_turbo_ignition":48.935271,"8.0.0-nightly20170415265fc0bedc_chakra":62.059534,"8.0.0-nightly20170505fe44f54949_chakra":62.090428},"./tests/input-multiple-shadow-class.js":{"6.10.1_v8":54.556084,"7.10.0_v8":52.675471,"7.10.0_v8_turbo_ignition":53.936411,"8.0.0-nightly201705043f48ab3042_v8":51.231836,"8.0.0-nightly201705043f48ab3042_v8_turbo_ignition":47.754266,"8.0.0-nightly20170415265fc0bedc_chakra":62.43528,"8.0.0-nightly20170505fe44f54949_chakra":62.205098},"./tests/input-multiple-types.js":{"6.10.1_v8":58.814435,"7.10.0_v8":52.834792,"7.10.0_v8_turbo_ignition":56.498354,"8.0.0-nightly201705043f48ab3042_v8":50.947263,"8.0.0-nightly201705043f48ab3042_v8_turbo_ignition":50.071265,"8.0.0-nightly20170415265fc0bedc_chakra":63.649946,"8.0.0-nightly20170505fe44f54949_chakra":62.570177},"./tests/leaks-arguments-via-closure.js":{"6.10.1_v8":56.306804,"7.10.0_v8":51.648686,"7.10.0_v8_turbo_ignition":51.713163,"8.0.0-nightly201705043f48ab3042_v8":48.805136,"8.0.0-nightly201705043f48ab3042_v8_turbo_ignition":51.718616,"8.0.0-nightly20170415265fc0bedc_chakra":66.292236,"8.0.0-nightly20170505fe44f54949_chakra":62.607689},"./tests/manually-copy-arguments.js":{"6.10.1_v8":54.493034,"7.10.0_v8":52.709833,"7.10.0_v8_turbo_ignition":53.892904,"8.0.0-nightly201705043f48ab3042_v8":50.529348,"8.0.0-nightly201705043f48ab3042_v8_turbo_ignition":46.790603,"8.0.0-nightly20170415265fc0bedc_chakra":60.994615,"8.0.0-nightly20170505fe44f54949_chakra":64.896445},"./tests/nested-functions.js":{"6.10.1_v8":57.530162,"7.10.0_v8":58.875535,"7.10.0_v8_turbo_ignition":51.715355,"8.0.0-nightly201705043f48ab3042_v8":54.516882,"8.0.0-nightly201705043f48ab3042_v8_turbo_ignition":49.738334,"8.0.0-nightly20170415265fc0bedc_chakra":61.147068,"8.0.0-nightly20170505fe44f54949_chakra":61.069271},"./tests/noop.js":{"6.10.1_v8":52.837624,"7.10.0_v8":51.616167,"7.10.0_v8_turbo_ignition":49.920746,"8.0.0-nightly201705043f48ab3042_v8":56.165108,"8.0.0-nightly201705043f48ab3042_v8_turbo_ignition":47.447487,"8.0.0-nightly20170415265fc0bedc_chakra":60.949119,"8.0.0-nightly20170505fe44f54949_chakra":60.441192},"./tests/object-literal-with-getter.js":{"6.10.1_v8":57.192679,"7.10.0_v8":58.847977,"7.10.0_v8_turbo_ignition":61.931723,"8.0.0-nightly201705043f48ab3042_v8":52.378468,"8.0.0-nightly201705043f48ab3042_v8_turbo_ignition":49.514432,"8.0.0-nightly20170415265fc0bedc_chakra":63.858662,"8.0.0-nightly20170505fe44f54949_chakra":60.086025},"./tests/object-literal-with-setter.js":{"6.10.1_v8":59.085233,"7.10.0_v8":57.507038,"7.10.0_v8_turbo_ignition":56.267723,"8.0.0-nightly201705043f48ab3042_v8":52.141355,"8.0.0-nightly201705043f48ab3042_v8_turbo_ignition":51.63724,"8.0.0-nightly20170415265fc0bedc_chakra":62.963124,"8.0.0-nightly20170505fe44f54949_chakra":60.988716},"./tests/overwrite-named-arg-and-reading-arguments.js":{"6.10.1_v8":55.915684,"7.10.0_v8":53.310971,