{"./tests/access-non-existent-arguments-index.js":{"6.10.1_v8":57.214375,"7.10.0_v8":59.996161,"7.10.0_v8_turbo_ignition":56.662477,"8.0.0-nightly201705043f48ab3042_v8":51.941958,"8.0.0-nightly201705043f48ab3042_v8_turbo_ignition":50.762676,"8.0.0-nightly20170415265fc0bedc_chakra":71.029041,"8.0.0-nightly20170505fe44f54949_chakra":78.119184},"./tests/access-valid-arguments-index.js":{"6.10.1_v8":63.054556,"7.10.0_v8":60.250539,"7.10.0_v8_turbo_ignition":61.869286,"8.0.0-nightly201705043f48ab3042_v8":55.094815,"8.0.0-nightly201705043f48ab3042_v8_turbo_ignition":53.432072,"8.0.0-nightly20170415265fc0bedc_chakra":60.366287,"8.0.0-nightly20170505fe44f54949_chakra":70.623068},"./tests/assign-to-arguments.js":{"6.10.1_v8":57.314495,"7.10.0_v8":53.67348,"7.10.0_v8_turbo_ignition":52.946482,"8.0.0-nightly201705043f48ab3042_v8":50.532556,"8.0.0-nightly201705043f48ab3042_v8_turbo_ignition":47.918243,"8.0.0-nightly20170415265fc0bedc_chakra":86.644614,"8.0.0-nightly20170505fe44f54949_chakra":68.35155},"./tests/async-await.js":{"6.10.1_v8":"Command failed: /home/vladimir/.nvm/versions/node/v6.10.1/bin/node ./tests/async-await.js 10000\n/media/vladimir/DATA/Projects/node_engine_bench/tests/async-await.js:2\nasync function exec(arg) {\n      ^^^^^^^^\nSyntaxError: Unexpected token function\n    at createScript (vm.js:56:10)\n    at Object.runInThisContext (vm.js:97:10)\n    at Module._compile (module.js:542:28)\n    at Object.Module._extensions..js (module.js:579:10)\n    at Module.load (module.js:487:32)\n    at tryModuleLoad (module.js:446:12)\n    at Function.Module._load (module.js:438:3)\n    at Module.runMain (module.js:604:10)\n    at run (bootstrap_node.js:393:7)\n    at startup (bootstrap_node.js:150:9)\n","7.10.0_v8":91.653323,"7.10.0_v8_turbo_ignition":107.039413,"8.0.0-nightly201705043f48ab3042_v8":73.045637,"8.0.0-nightly201705043f48ab3042_v8_turbo_ignition":76.004961,"8.0.0-nightly20170415265fc0bedc_chakra":227.327673,"8.0.0-nightly20170505fe44f54949_chakra":220.007462},"./tests/bound-funtion.js":{"6.10.1_v8":295.319073,"7.10.0_v8":54.76766,"7.10.0_v8_turbo_ignition":59.876043,"8.0.0-nightly201705043f48ab3042_v8":50.999368,"8.0.0-nightly201705043f48ab3042_v8_turbo_ignition":47.814747,"8.0.0-nightly20170415265fc0bedc_chakra":62.355658,"8.0.0-nightly20170505fe44f54949_chakra":59.759538},"./tests/calls-bind.js":{"6.10.1_v8":59.089389,"7.10.0_v8":53.070981,"7.10.0_v8_turbo_ignition":58.926024,"8.0.0-nightly201705043f48ab3042_v8":51.484083,"8.0.0-nightly201705043f48ab3042_v8_turbo_ignition":50.639392,"8.0.0-nightly20170415265fc0bedc_chakra":65.70091,"8.0.0-nightly20170505fe44f54949_chakra":64.887053},"./tests/closure-function.js":{"6.10.1_v8":55.484507,"7.10.0_v8":52.298219,"7.10.0_v8_turbo_ignition":55.344107,"8.0.0-nightly201705043f48ab3042_v8":49.704133,"8.0.0-nightly201705043f48ab3042_v8_turbo_ignition":48.709788,"8.0.0-nightly20170415265fc0bedc_chakra":65.493519,"8.0.0-nightly20170505fe44f54949_chakra":61.518682},"./tests/debugger.js":{"6.10.1_v8":53.158394,"7.10.0_v8":59.821913,"7.10.0_v8_turbo_ignition":59.722253,"8.0.0-nightly201705043f48ab3042_v8":56.443908,"8.0.0-nightly201705043f48ab3042_v8_turbo_ignition":52.712864,"8.0.0-nightly20170415265fc0bedc_chakra":60.583999,"8.0.0-nightly20170505fe44f54949_chakra":75.486076},"./tests/eval.js":{"6.10.1_v8":62.964932,"7.10.0_v8":58.063168,"7.10.0_v8_turbo_ignition":58.326323,"8.0.0-nightly201705043f48ab3042_v8":57.756032,"8.0.0-nightly201705043f48ab3042_v8_turbo_ignition":52.756434,"8.0.0-nightly20170415265fc0bedc_chakra":78.428164,"8.0.0-nightly20170505fe44f54949_chakra":74.284835},"./tests/for-in-loop-using-array.js":{"6.10.1_v8":62.33598,"7.10.0_v8":59.194281,"7.10.0_v8_turbo_ignition":59.129685,"8.0.0-nightly201705043f48ab3042_v8":55.52291,"8.0.0-nightly201705043f48ab3042_v8_turbo_ignition":50.284404,"8.0.0-nightly20170415265fc0bedc_chakra":66.601713,"8.0.0-nightly20170505fe44f54949_chakra":63.005925},"./tests/for-in-loop-with-outer-scope-key.js":{"6.10.1_v8":60.083306,"7.10.0_v8":53.239561,"7.10.0_v8_turbo_ignition":56.402123,"8.0.0-nightly201705043f48ab3042_v8":54.979849,"8.0.0-nightly201705043f48ab3042_v8_turbo_ignition":49.85322,"8.0.0-nightly20170415265fc0bedc_chakra":62.16818,"8.0.0-nightly20170505fe44f54949_chakra":60.311669},"./tests/for-in-loop-without-simple-enumerable.js":{"6.10.1_v8":65.618969,"7.10.0_v8":56.413429,"7.10.0_v8_turbo_ignition":57.347969,"8.0.0-nightly201705043f48ab3042_v8":55.185203,"8.0.0-nightly201705043f48ab3042_v8_turbo_ignition":54.13179,"8.0.0-nightly20170415265fc0bedc_chakra":61.566687,"8.0.0-nightly20170505fe44f54949_chakra":62.010516},"./tests/for-in-loop.js":{"6.10.1_v8":57.339355,"7.10.0_v8":53.189727,"7.10.0_v8_turbo_ignition":55.073938,"8.0.0-nightly201705043f48ab3042_v8":48.349841,"8.0.0-nightly201705043f48ab3042_v8_turbo_ignition":49.81809,"8.0.0-nightly20170415265fc0bedc_chakra":60.281726,"8.0.0-nightly20170505fe44f54949_chakra":63.967388},"./tests/input-multiple-classes.js":{"6.10.1_v8":64.364578,"7.10.0_v8":61.2451,"7.10.0_v8_turbo_ignition":61.338706,"8.0.0-nightly201705043f48ab3042_v8":62.116767,"8.0.0-nightly201705043f48ab3042_v8_turbo_ignition":55.777022,"8.0.0-nightly20170415265fc0bedc_chakra":66.835096,"8.0.0-nightly20170505fe44f54949_chakra":67.369779},"./tests/input-multiple-shadow-class.js":{"6.10.1_v8":69.024724,"7.10.0_v8":64.514197,"7.10.0_v8_turbo_ignition":65.331479,"8.0.0-nightly201705043f48ab3042_v8":57.433844,"8.0.0-nightly201705043f48ab3042_v8_turbo_ignition":62.188813,"8.0.0-nightly20170415265fc0bedc_chakra":61.710142,"8.0.0-nightly20170505fe44f54949_chakra":65.191845},"./tests/input-multiple-types.js":{"6.10.1_v8":59.237199,"7.10.0_v8":60.291766,"7.10.0_v8_turbo_ignition":61.571688,"8.0.0-nightly201705043f48ab3042_v8":54.600625,"8.0.0-nightly201705043f48ab3042_v8_turbo_ignition":54.886373,"8.0.0-nightly20170415265fc0bedc_chakra":63.603389,"8.0.0-nightly20170505fe44f54949_chakra":67.335022},"./tests/leaks-arguments-via-closure.js":{"6.10.1_v8":54.971864,"7.10.0_v8":53.67822,"7.10.0_v8_turbo_ignition":61.219664,"8.0.0-nightly201705043f48ab3042_v8":51.906219,"8.0.0-nightly201705043f48ab3042_v8_turbo_ignition":51.995266,"8.0.0-nightly20170415265fc0bedc_chakra":73.368899,"8.0.0-nightly20170505fe44f54949_chakra":73.91682},"./tests/manually-copy-arguments.js":{"6.10.1_v8":56.462289,"7.10.0_v8":55.111,"7.10.0_v8_turbo_ignition":59.018129,"8.0.0-nightly201705043f48ab3042_v8":51.700814,"8.0.0-nightly201705043f48ab3042_v8_turbo_ignition":52.440536,"8.0.0-nightly20170415265fc0bedc_chakra":63.446096,"8.0.0-nightly20170505fe44f54949_chakra":63.759577},"./tests/nested-functions.js":{"6.10.1_v8":62.085382,"7.10.0_v8":56.228103,"7.10.0_v8_turbo_ignition":57.294365,"8.0.0-nightly201705043f48ab3042_v8":51.515388,"8.0.0-nightly201705043f48ab3042_v8_turbo_ignition":49.921152,"8.0.0-nightly20170415265fc0bedc_chakra":61.661202,"8.0.0-nightly20170505fe44f54949_chakra":63.741467},"./tests/noop.js":{"6.10.1_v8":53.918837,"7.10.0_v8":55.40932,"7.10.0_v8_turbo_ignition":53.863596,"8.0.0-nightly201705043f48ab3042_v8":52.66973,"8.0.0-nightly201705043f48ab3042_v8_turbo_ignition":46.122786,"8.0.0-nightly20170415265fc0bedc_chakra":59.922266,"8.0.0-nightly20170505fe44f54949_chakra":62.078618},"./tests/object-literal-with-getter.js":{"6.10.1_v8":67.949692,"7.10.0_v8":60.676585,"7.10.0_v8_turbo_ignition":62.917884,"8.0.0-nightly201705043f48ab3042_v8":66.153404,"8.0.0-nightly201705043f48ab3042_v8_turbo_ignition":59.357914,"8.0.0-nightly20170415265fc0bedc_chakra":70.907896,"8.0.0-nightly20170505fe44f54949_chakra":93.204556},"./tests/object-literal-with-setter.js":{"6.10.1_v8":80.389652,"7.10.0_v8":75.002795,"7.10.0_v8_turbo_ignition":80.878365,"8.0.0-nightly201705043f48ab3042_v8":69.284052,"8.0.0-nightly201705043f48ab3042_v8_turbo_ignition":59.910663,"8.0.0-nightly20170415265fc0bedc_chakra":71.632712,"8.0.0-nightly20170505fe44f54949_chakra":71.72043},"./tests/overwrite-named-arg-and-reading-arguments.js":{"6.10.1_v8":61.174865,"7.10.0_v8":54.949516,