{"./tests/access-non-existent-arguments-index.js":{"v8_v6.10.1":246.12553,"v8_7.10.0":53.953453,"v8_7.10.0_ignition":57.473761,"v8_v8.0.0-nightly201705029802d466cc":302.753015,"v8_v8.0.0-nightly201705029802d466cc_ignition":48.456694,"chakra_v8.0.0-nightly201705037f33b4cbf3":320.371503},"./tests/access-valid-arguments-index.js":{"v8_v6.10.1":59.574921,"v8_7.10.0":52.812938,"v8_7.10.0_ignition":53.695531,"v8_v8.0.0-nightly201705029802d466cc":53.265227,"v8_v8.0.0-nightly201705029802d466cc_ignition":51.014272,"chakra_v8.0.0-nightly201705037f33b4cbf3":62.456515},"./tests/assign-to-arguments.js":{"v8_v6.10.1":57.93863,"v8_7.10.0":52.065007,"v8_7.10.0_ignition":55.204901,"v8_v8.0.0-nightly201705029802d466cc":50.700189,"v8_v8.0.0-nightly201705029802d466cc_ignition":51.918214,"chakra_v8.0.0-nightly201705037f33b4cbf3":60.791759},"./tests/async-await.js":{"v8_v6.10.1":"Command failed: /home/vladimir/.nvm/versions/node/v6.10.1/bin/node ./tests/async-await.js 10\n/media/vladimir/DATA/Projects/node_engine_bench/tests/async-await.js:2\nasync function exec(arg) {\n      ^^^^^^^^\nSyntaxError: Unexpected token function\n    at createScript (vm.js:56:10)\n    at Object.runInThisContext (vm.js:97:10)\n    at Module._compile (module.js:542:28)\n    at Object.Module._extensions..js (module.js:579:10)\n    at Module.load (module.js:487:32)\n    at tryModuleLoad (module.js:446:12)\n    at Function.Module._load (module.js:438:3)\n    at Module.runMain (module.js:604:10)\n    at run (bootstrap_node.js:393:7)\n    at startup (bootstrap_node.js:150:9)\n","v8_7.10.0":57.017167,"v8_7.10.0_ignition":53.637669,"v8_v8.0.0-nightly201705029802d466cc":51.524723,"v8_v8.0.0-nightly201705029802d466cc_ignition":48.163818,"chakra_v8.0.0-nightly201705037f33b4cbf3":64.721513},"./tests/bound-funtion.js":{"v8_v6.10.1":53.893967,"v8_7.10.0":53.701416,"v8_7.10.0_ignition":54.110618,"v8_v8.0.0-nightly201705029802d466cc":51.293573,"v8_v8.0.0-nightly201705029802d466cc_ignition":49.20909,"chakra_v8.0.0-nightly201705037f33b4cbf3":66.322772},"./tests/calls-bind.js":{"v8_v6.10.1":55.005011,"v8_7.10.0":57.389764,"v8_7.10.0_ignition":56.535846,"v8_v8.0.0-nightly201705029802d466cc":50.152047,"v8_v8.0.0-nightly201705029802d466cc_ignition":51.907155,"chakra_v8.0.0-nightly201705037f33b4cbf3":66.214403},"./tests/closure-function.js":{"v8_v6.10.1":57.190099,"v8_7.10.0":51.433559,"v8_7.10.0_ignition":160.043451,"v8_v8.0.0-nightly201705029802d466cc":54.350776,"v8_v8.0.0-nightly201705029802d466cc_ignition":50.198971,"chakra_v8.0.0-nightly201705037f33b4cbf3":59.076378},"./tests/debugger.js":{"v8_v6.10.1":58.79936,"v8_7.10.0":54.239033,"v8_7.10.0_ignition":55.46805,"v8_v8.0.0-nightly201705029802d466cc":51.45488,"v8_v8.0.0-nightly201705029802d466cc_ignition":47.401577,"chakra_v8.0.0-nightly201705037f33b4cbf3":77.422543},"./tests/eval.js":{"v8_v6.10.1":61.984412,"v8_7.10.0":55.812329,"v8_7.10.0_ignition":55.589504,"v8_v8.0.0-nightly201705029802d466cc":50.855719,"v8_v8.0.0-nightly201705029802d466cc_ignition":47.440688,"chakra_v8.0.0-nightly201705037f33b4cbf3":59.140299},"./tests/for-in-loop-using-array.js":{"v8_v6.10.1":57.781756,"v8_7.10.0":52.34016,"v8_7.10.0_ignition":58.279254,"v8_v8.0.0-nightly201705029802d466cc":51.875492,"v8_v8.0.0-nightly201705029802d466cc_ignition":52.876165,"chakra_v8.0.0-nightly201705037f33b4cbf3":64.62937},"./tests/for-in-loop-with-outer-scope-key.js":{"v8_v6.10.1":59.3079,"v8_7.10.0":55.976761,"v8_7.10.0_ignition":62.541281,"v8_v8.0.0-nightly201705029802d466cc":51.46145,"v8_v8.0.0-nightly201705029802d466cc_ignition":51.471828,"chakra_v8.0.0-nightly201705037f33b4cbf3":61.727588},"./tests/for-in-loop-without-simple-enumerable.js":{"v8_v6.10.1":56.472863,"v8_7.10.0":53.64396,"v8_7.10.0_ignition":54.45761,"v8_v8.0.0-nightly201705029802d466cc":56.573728,"v8_v8.0.0-nightly201705029802d466cc_ignition":50.343829,"chakra_v8.0.0-nightly201705037f33b4cbf3":64.744104},"./tests/for-in-loop.js":{"v8_v6.10.1":67.200456,"v8_7.10.0":55.434577,"v8_7.10.0_ignition":54.852856,"v8_v8.0.0-nightly201705029802d466cc":52.200331,"v8_v8.0.0-nightly201705029802d466cc_ignition":75.217244,"chakra_v8.0.0-nightly201705037f33b4cbf3":79.728648},"./tests/input-multiple-classes.js":{"v8_v6.10.1":64.432061,"v8_7.10.0":81.442303,"v8_7.10.0_ignition":72.845894,"v8_v8.0.0-nightly201705029802d466cc":59.006287,"v8_v8.0.0-nightly201705029802d466cc_ignition":59.683175,"chakra_v8.0.0-nightly201705037f33b4cbf3":69.649393},"./tests/input-multiple-shadow-class.js":{"v8_v6.10.1":61.476268,"v8_7.10.0":56.301466,"v8_7.10.0_ignition":57.494897,"v8_v8.0.0-nightly201705029802d466cc":52.984198,"v8_v8.0.0-nightly201705029802d466cc_ignition":50.410587,"chakra_v8.0.0-nightly201705037f33b4cbf3":62.450972},"./tests/input-multiple-types.js":{"v8_v6.10.1":62.107412,"v8_7.10.0":51.632859,"v8_7.10.0_ignition":55.762913,"v8_v8.0.0-nightly201705029802d466cc":53.731894,"v8_v8.0.0-nightly201705029802d466cc_ignition":49.29928,"chakra_v8.0.0-nightly201705037f33b4cbf3":65.891277},"./tests/leaks-arguments-via-closure.js":{"v8_v6.10.1":57.296844,"v8_7.10.0":56.345234,"v8_7.10.0_ignition":52.67844,"v8_v8.0.0-nightly201705029802d466cc":55.255978,"v8_v8.0.0-nightly201705029802d466cc_ignition":51.41648,"chakra_v8.0.0-nightly201705037f33b4cbf3":64.526852},"./tests/manually-copy-arguments.js":{"v8_v6.10.1":57.576882,"v8_7.10.0":53.889171,"v8_7.10.0_ignition":55.362058,"v8_v8.0.0-nightly201705029802d466cc":58.210045,"v8_v8.0.0-nightly201705029802d466cc_ignition":53.761534,"chakra_v8.0.0-nightly201705037f33b4cbf3":61.897474},"./tests/nested-functions.js":{"v8_v6.10.1":56.613479,"v8_7.10.0":52.563755,"v8_7.10.0_ignition":53.040299,"v8_v8.0.0-nightly201705029802d466cc":49.553412,"v8_v8.0.0-nightly201705029802d466cc_ignition":50.535932,"chakra_v8.0.0-nightly201705037f33b4cbf3":63.947437},"./tests/noop.js":{"v8_v6.10.1":61.036213,"v8_7.10.0":53.717109,"v8_7.10.0_ignition":52.996377,"v8_v8.0.0-nightly201705029802d466cc":54.694721,"v8_v8.0.0-nightly201705029802d466cc_ignition":48.912914,"chakra_v8.0.0-nightly201705037f33b4cbf3":63.450392},"./tests/object-literal-with-getter.js":{"v8_v6.10.1":57.263764,"v8_7.10.0":54.920653,"v8_7.10.0_ignition":54.283758,"v8_v8.0.0-nightly201705029802d466cc":59.007679,"v8_v8.0.0-nightly201705029802d466cc_ignition":50.775054,"chakra_v8.0.0-nightly201705037f33b4cbf3":62.693659},"./tests/object-literal-with-setter.js":{"v8_v6.10.1":60.555372,"v8_7.10.0":53.113651,"v8_7.10.0_ignition":55.032664,"v8_v8.0.0-nightly201705029802d466cc":49.185015,"v8_v8.0.0-nightly201705029802d466cc_ignition":54.325413,"chakra_v8.0.0-nightly201705037f33b4cbf3":64.957088},"./tests/overwrite-named-arg-and-reading-arguments.js":{"v8_v6.10.1":58.34628,"v8_7.10.0":52.913657,"v8_7.10.0_ignition":54.585259,"v8_v8.0.0-nightly201705029802d466cc":55.829189,"v8_v8.0.0-nightly201705029802d466cc_ignition":48.653843,"chakra_v8.0.0-nightly201705037f33b4cbf3":60.589367},"./tests/overwrite-named-arg.js":{"v8_v6.10.1":54.548968,"v8_7.10.0":53.320747,"v8_7.10.0_ignition":52.177483,"v8_v8.0.0-nightly201705029802d466cc":52.33678,"v8_v8.0.0-nightly201705029802d466cc_ignition":48.260641,"chakra_v8.0.0-nightly201705037f33b4cbf3":69.076695},"./tests/pass-arguments-to-call.js":{"v8_v6.10.1":56.099416,"v8_7.10.0":55.685981,"v8_7.10.0_ignition":52.593677,"v8_v8.0.0-nightly201705029802d466cc":53.178215,"v8_v8.0.0-nightly201705029802d466cc_ignition":53.105294,"chakra_v8.0.0-nightly201705037f33b4cbf3":65.282083},"./tests/promises.js":{"v8_v6.10.1":58.222394,"v8_7.10.0":59.137313,"v8_7.10.0_ignition":58.110387,"v8_v8.0.0-nightly201705029802d466cc":52.653111,"v8_v8.0.0-nightly201705029802d466cc_ignition":52.307551,"chakra_v8.0.0-nightly201705037f33b4cbf3":60.642969},"./tests/rest-parameters.js":{"v8_v6.10.1":57.377878,"v8_7.10.0":52.902866,"v8_7.10.0_ignition":51.083551,"v8_v8.0.0-nightly201705029802d466cc":48.148374,"v8_v8.0.0-nightly201705029802d466cc_ignition":50.264642,"chakra_v8.0.0-nightly201705037f33b4cbf3":64.351338},"./tests/return-arguments.js":{"v8_v6.10.1":58.932272,