{"./tests/access-non-existent-arguments-index.js":{"v8_6.10.1":53.518592,"v8_7.10.0":49.489458,"v8_7.10.0_turbo_ignition":56.53167,"v8_8.0.0-nightly201705029802d466cc":50.473847,"v8_8.0.0-nightly201705029802d466cc_turbo_ignition":47.715026,"chakra_v8.0.0-nightly201705037f33b4cbf3":65.143831},"./tests/access-valid-arguments-index.js":{"v8_6.10.1":53.331983,"v8_7.10.0":50.621742,"v8_7.10.0_turbo_ignition":51.26686,"v8_8.0.0-nightly201705029802d466cc":46.949904,"v8_8.0.0-nightly201705029802d466cc_turbo_ignition":46.998202,"chakra_v8.0.0-nightly201705037f33b4cbf3":58.928768},"./tests/assign-to-arguments.js":{"v8_6.10.1":54.765622,"v8_7.10.0":52.838442,"v8_7.10.0_turbo_ignition":55.190206,"v8_8.0.0-nightly201705029802d466cc":48.865307,"v8_8.0.0-nightly201705029802d466cc_turbo_ignition":49.706175,"chakra_v8.0.0-nightly201705037f33b4cbf3":61.35849},"./tests/async-await.js":{"v8_6.10.1":"Command failed: /home/vladimir/.nvm/versions/node/v6.10.1/bin/node ./tests/async-await.js 1000\n/media/vladimir/DATA/Projects/node_engine_bench/tests/async-await.js:2\nasync function exec(arg) {\n      ^^^^^^^^\nSyntaxError: Unexpected token function\n    at createScript (vm.js:56:10)\n    at Object.runInThisContext (vm.js:97:10)\n    at Module._compile (module.js:542:28)\n    at Object.Module._extensions..js (module.js:579:10)\n    at Module.load (module.js:487:32)\n    at tryModuleLoad (module.js:446:12)\n    at Function.Module._load (module.js:438:3)\n    at Module.runMain (module.js:604:10)\n    at run (bootstrap_node.js:393:7)\n    at startup (bootstrap_node.js:150:9)\n","v8_7.10.0":60.748827,"v8_7.10.0_turbo_ignition":59.514784,"v8_8.0.0-nightly201705029802d466cc":55.920922,"v8_8.0.0-nightly201705029802d466cc_turbo_ignition":49.470543,"chakra_v8.0.0-nightly201705037f33b4cbf3":74.090478},"./tests/bound-funtion.js":{"v8_6.10.1":55.786248,"v8_7.10.0":51.630204,"v8_7.10.0_turbo_ignition":52.600167,"v8_8.0.0-nightly201705029802d466cc":48.051324,"v8_8.0.0-nightly201705029802d466cc_turbo_ignition":44.86476,"chakra_v8.0.0-nightly201705037f33b4cbf3":60.898312},"./tests/calls-bind.js":{"v8_6.10.1":51.535472,"v8_7.10.0":50.446186,"v8_7.10.0_turbo_ignition":48.744156,"v8_8.0.0-nightly201705029802d466cc":50.299093,"v8_8.0.0-nightly201705029802d466cc_turbo_ignition":46.128605,"chakra_v8.0.0-nightly201705037f33b4cbf3":62.751936},"./tests/closure-function.js":{"v8_6.10.1":52.408511,"v8_7.10.0":50.043923,"v8_7.10.0_turbo_ignition":48.454009,"v8_8.0.0-nightly201705029802d466cc":51.830377,"v8_8.0.0-nightly201705029802d466cc_turbo_ignition":44.345559,"chakra_v8.0.0-nightly201705037f33b4cbf3":62.195779},"./tests/debugger.js":{"v8_6.10.1":50.834229,"v8_7.10.0":49.424872,"v8_7.10.0_turbo_ignition":48.343027,"v8_8.0.0-nightly201705029802d466cc":50.30172,"v8_8.0.0-nightly201705029802d466cc_turbo_ignition":46.691173,"chakra_v8.0.0-nightly201705037f33b4cbf3":61.145111},"./tests/eval.js":{"v8_6.10.1":52.656952,"v8_7.10.0":51.199941,"v8_7.10.0_turbo_ignition":49.992394,"v8_8.0.0-nightly201705029802d466cc":48.395855,"v8_8.0.0-nightly201705029802d466cc_turbo_ignition":45.027162,"chakra_v8.0.0-nightly201705037f33b4cbf3":59.627552},"./tests/for-in-loop-using-array.js":{"v8_6.10.1":54.212467,"v8_7.10.0":53.475504,"v8_7.10.0_turbo_ignition":50.973922,"v8_8.0.0-nightly201705029802d466cc":48.885794,"v8_8.0.0-nightly201705029802d466cc_turbo_ignition":45.755112,"chakra_v8.0.0-nightly201705037f33b4cbf3":59.363972},"./tests/for-in-loop-with-outer-scope-key.js":{"v8_6.10.1":50.594233,"v8_7.10.0":51.561235,"v8_7.10.0_turbo_ignition":49.357628,"v8_8.0.0-nightly201705029802d466cc":51.579996,"v8_8.0.0-nightly201705029802d466cc_turbo_ignition":45.820314,"chakra_v8.0.0-nightly201705037f33b4cbf3":57.066953},"./tests/for-in-loop-without-simple-enumerable.js":{"v8_6.10.1":53.545555,"v8_7.10.0":50.883034,"v8_7.10.0_turbo_ignition":48.832156,"v8_8.0.0-nightly201705029802d466cc":50.089359,"v8_8.0.0-nightly201705029802d466cc_turbo_ignition":46.676041,"chakra_v8.0.0-nightly201705037f33b4cbf3":61.237469},"./tests/for-in-loop.js":{"v8_6.10.1":52.296031,"v8_7.10.0":51.564267,"v8_7.10.0_turbo_ignition":53.371093,"v8_8.0.0-nightly201705029802d466cc":46.295872,"v8_8.0.0-nightly201705029802d466cc_turbo_ignition":45.526712,"chakra_v8.0.0-nightly201705037f33b4cbf3":59.130057},"./tests/input-multiple-classes.js":{"v8_6.10.1":54.602147,"v8_7.10.0":51.407911,"v8_7.10.0_turbo_ignition":52.962068,"v8_8.0.0-nightly201705029802d466cc":48.196151,"v8_8.0.0-nightly201705029802d466cc_turbo_ignition":46.63565,"chakra_v8.0.0-nightly201705037f33b4cbf3":63.486733},"./tests/input-multiple-shadow-class.js":{"v8_6.10.1":54.106709,"v8_7.10.0":50.29648,"v8_7.10.0_turbo_ignition":52.110416,"v8_8.0.0-nightly201705029802d466cc":48.943331,"v8_8.0.0-nightly201705029802d466cc_turbo_ignition":50.822808,"chakra_v8.0.0-nightly201705037f33b4cbf3":68.602159},"./tests/input-multiple-types.js":{"v8_6.10.1":54.854994,"v8_7.10.0":49.340721,"v8_7.10.0_turbo_ignition":54.97787,"v8_8.0.0-nightly201705029802d466cc":51.860828,"v8_8.0.0-nightly201705029802d466cc_turbo_ignition":49.505804,"chakra_v8.0.0-nightly201705037f33b4cbf3":61.784115},"./tests/leaks-arguments-via-closure.js":{"v8_6.10.1":64.421968,"v8_7.10.0":53.165356,"v8_7.10.0_turbo_ignition":50.718555,"v8_8.0.0-nightly201705029802d466cc":52.637196,"v8_8.0.0-nightly201705029802d466cc_turbo_ignition":46.902016,"chakra_v8.0.0-nightly201705037f33b4cbf3":65.151169},"./tests/manually-copy-arguments.js":{"v8_6.10.1":55.372074,"v8_7.10.0":53.062203,"v8_7.10.0_turbo_ignition":52.818644,"v8_8.0.0-nightly201705029802d466cc":53.412061,"v8_8.0.0-nightly201705029802d466cc_turbo_ignition":46.519396,"chakra_v8.0.0-nightly201705037f33b4cbf3":66.659614},"./tests/nested-functions.js":{"v8_6.10.1":57.00277,"v8_7.10.0":53.895156,"v8_7.10.0_turbo_ignition":54.602362,"v8_8.0.0-nightly201705029802d466cc":51.662269,"v8_8.0.0-nightly201705029802d466cc_turbo_ignition":47.309092,"chakra_v8.0.0-nightly201705037f33b4cbf3":60.900316},"./tests/noop.js":{"v8_6.10.1":57.863993,"v8_7.10.0":52.67649,"v8_7.10.0_turbo_ignition":59.342293,"v8_8.0.0-nightly201705029802d466cc":49.713559,"v8_8.0.0-nightly201705029802d466cc_turbo_ignition":47.283879,"chakra_v8.0.0-nightly201705037f33b4cbf3":60.810925},"./tests/object-literal-with-getter.js":{"v8_6.10.1":59.816775,"v8_7.10.0":54.801551,"v8_7.10.0_turbo_ignition":57.453587,"v8_8.0.0-nightly201705029802d466cc":51.395568,"v8_8.0.0-nightly201705029802d466cc_turbo_ignition":49.657417,"chakra_v8.0.0-nightly201705037f33b4cbf3":63.12436},"./tests/object-literal-with-setter.js":{"v8_6.10.1":56.191967,"v8_7.10.0":58.49487,"v8_7.10.0_turbo_ignition":52.552475,"v8_8.0.0-nightly201705029802d466cc":54.365171,"v8_8.0.0-nightly201705029802d466cc_turbo_ignition":47.236802,"chakra_v8.0.0-nightly201705037f33b4cbf3":60.170699},"./tests/overwrite-named-arg-and-reading-arguments.js":{"v8_6.10.1":51.612803,"v8_7.10.0":54.358784,"v8_7.10.0_turbo_ignition":50.720267,"v8_8.0.0-nightly201705029802d466cc":50.796966,"v8_8.0.0-nightly201705029802d466cc_turbo_ignition":48.626117,"chakra_v8.0.0-nightly201705037f33b4cbf3":66.836987},"./tests/overwrite-named-arg.js":{"v8_6.10.1":52.275552,"v8_7.10.0":52.95709,"v8_7.10.0_turbo_ignition":48.446511,"v8_8.0.0-nightly201705029802d466cc":51.780849,"v8_8.0.0-nightly201705029802d466cc_turbo_ignition":44.69367,"chakra_v8.0.0-nightly201705037f33b4cbf3":64.036639},"./tests/pass-arguments-to-call.js":{"v8_6.10.1":56.924515,"v8_7.10.0":55.264809,"v8_7.10.0_turbo_ignition":51.537174,"v8_8.0.0-nightly201705029802d466cc":53.798465,"v8_8.0.0-nightly201705029802d466cc_turbo_ignition":50.298859,"chakra_v8.0.0-nightly201705037f33b4cbf3":62.125592},"./tests/promises.js":{"v8_6.10.1":60.945503,"v8_7.10.0":58.743712,"v8_7.10.0_turbo_ignition":60.704038,"v8_8.0.0-nightly201705029802d466cc":49.783608,"v8_8.0.0-nightly201705029802d466cc_turbo_ignition":47.155177,"chakra_v8.0.0-nightly201705037f33b4cbf3":61.94475},"./tests/rest-parameters.js":{"v8_6.10.1":52.838799,"v8_7.10.0":50.143819,