{"./tests/access-non-existent-arguments-index.js":{"6.10.1_v8":278.034379,"7.10.0_v8":52.510712,"7.10.0_v8_turbo_ignition":61.470637,"8.0.0_v8":51.628153,"8.0.0_v8_turbo_ignition":50.539985,"8.0.0-nightly20170415265fc0bedc_chakra":310.107692,"8.0.0-nightly20170505fe44f54949_chakra":339.286859},"./tests/access-valid-arguments-index.js":{"6.10.1_v8":55.411183,"7.10.0_v8":51.205803,"7.10.0_v8_turbo_ignition":51.136295,"8.0.0_v8":50.879012,"8.0.0_v8_turbo_ignition":51.362535,"8.0.0-nightly20170415265fc0bedc_chakra":61.916052,"8.0.0-nightly20170505fe44f54949_chakra":59.860454},"./tests/assign-to-arguments.js":{"6.10.1_v8":53.309937,"7.10.0_v8":51.017485,"7.10.0_v8_turbo_ignition":51.158388,"8.0.0_v8":51.24893,"8.0.0_v8_turbo_ignition":49.668195,"8.0.0-nightly20170415265fc0bedc_chakra":59.115522,"8.0.0-nightly20170505fe44f54949_chakra":60.264626},"./tests/async-await.js":{"6.10.1_v8":"Command failed: /home/vladimir/.nvm/versions/node/v6.10.1/bin/node ./tests/async-await.js 10\n/media/vladimir/DATA/Projects/node_engine_bench/tests/async-await.js:2\nasync function exec(arg) {\n      ^^^^^^^^\nSyntaxError: Unexpected token function\n    at createScript (vm.js:56:10)\n    at Object.runInThisContext (vm.js:97:10)\n    at Module._compile (module.js:542:28)\n    at Object.Module._extensions..js (module.js:579:10)\n    at Module.load (module.js:487:32)\n    at tryModuleLoad (module.js:446:12)\n    at Function.Module._load (module.js:438:3)\n    at Module.runMain (module.js:604:10)\n    at run (bootstrap_node.js:393:7)\n    at startup (bootstrap_node.js:150:9)\n","7.10.0_v8":54.569641,"7.10.0_v8_turbo_ignition":54.370654,"8.0.0_v8":50.708026,"8.0.0_v8_turbo_ignition":50.195155,"8.0.0-nightly20170415265fc0bedc_chakra":61.533121,"8.0.0-nightly20170505fe44f54949_chakra":60.962285},"./tests/bound-funtion.js":{"6.10.1_v8":52.540103,"7.10.0_v8":54.164887,"7.10.0_v8_turbo_ignition":55.672737,"8.0.0_v8":51.925747,"8.0.0_v8_turbo_ignition":49.847426,"8.0.0-nightly20170415265fc0bedc_chakra":59.537896,"8.0.0-nightly20170505fe44f54949_chakra":58.929168},"./tests/calls-bind.js":{"6.10.1_v8":53.295873,"7.10.0_v8":53.041215,"7.10.0_v8_turbo_ignition":50.869481,"8.0.0_v8":61.806186,"8.0.0_v8_turbo_ignition":52.300812,"8.0.0-nightly20170415265fc0bedc_chakra":62.287177,"8.0.0-nightly20170505fe44f54949_chakra":59.712861},"./tests/closure-function.js":{"6.10.1_v8":53.446414,"7.10.0_v8":53.078376,"7.10.0_v8_turbo_ignition":53.770503,"8.0.0_v8":51.30012,"8.0.0_v8_turbo_ignition":49.843714,"8.0.0-nightly20170415265fc0bedc_chakra":60.763642,"8.0.0-nightly20170505fe44f54949_chakra":61.455015},"./tests/debugger.js":{"6.10.1_v8":55.89797,"7.10.0_v8":52.009058,"7.10.0_v8_turbo_ignition":51.898052,"8.0.0_v8":49.791996,"8.0.0_v8_turbo_ignition":50.755246,"8.0.0-nightly20170415265fc0bedc_chakra":60.323099,"8.0.0-nightly20170505fe44f54949_chakra":59.399484},"./tests/eval.js":{"6.10.1_v8":55.107337,"7.10.0_v8":52.255074,"7.10.0_v8_turbo_ignition":56.311919,"8.0.0_v8":55.274863,"8.0.0_v8_turbo_ignition":54.529719,"8.0.0-nightly20170415265fc0bedc_chakra":61.334811,"8.0.0-nightly20170505fe44f54949_chakra":240.268787},"./tests/for-in-loop-using-array.js":{"6.10.1_v8":244.729132,"7.10.0_v8":54.475071,"7.10.0_v8_turbo_ignition":52.596021,"8.0.0_v8":53.219333,"8.0.0_v8_turbo_ignition":50.492785,"8.0.0-nightly20170415265fc0bedc_chakra":60.247798,"8.0.0-nightly20170505fe44f54949_chakra":61.659215},"./tests/for-in-loop-with-outer-scope-key.js":{"6.10.1_v8":54.582961,"7.10.0_v8":53.099307,"7.10.0_v8_turbo_ignition":55.419914,"8.0.0_v8":56.891071,"8.0.0_v8_turbo_ignition":51.427551,"8.0.0-nightly20170415265fc0bedc_chakra":60.984188,"8.0.0-nightly20170505fe44f54949_chakra":66.661597},"./tests/for-in-loop-without-simple-enumerable.js":{"6.10.1_v8":55.024891,"7.10.0_v8":54.190546,"7.10.0_v8_turbo_ignition":54.090741,"8.0.0_v8":53.437068,"8.0.0_v8_turbo_ignition":54.029913,"8.0.0-nightly20170415265fc0bedc_chakra":64.113221,"8.0.0-nightly20170505fe44f54949_chakra":63.778412},"./tests/for-in-loop.js":{"6.10.1_v8":54.619745,"7.10.0_v8":56.994593,"7.10.0_v8_turbo_ignition":51.983038,"8.0.0_v8":51.189427,"8.0.0_v8_turbo_ignition":48.873523,"8.0.0-nightly20170415265fc0bedc_chakra":60.299284,"8.0.0-nightly20170505fe44f54949_chakra":59.074679},"./tests/input-multiple-classes.js":{"6.10.1_v8":56.035245,"7.10.0_v8":50.846229,"7.10.0_v8_turbo_ignition":52.068565,"8.0.0_v8":51.516169,"8.0.0_v8_turbo_ignition":50.273461,"8.0.0-nightly20170415265fc0bedc_chakra":60.649931,"8.0.0-nightly20170505fe44f54949_chakra":58.260858},"./tests/input-multiple-shadow-class.js":{"6.10.1_v8":52.286857,"7.10.0_v8":52.173951,"7.10.0_v8_turbo_ignition":50.34073,"8.0.0_v8":50.84991,"8.0.0_v8_turbo_ignition":49.201923,"8.0.0-nightly20170415265fc0bedc_chakra":59.618187,"8.0.0-nightly20170505fe44f54949_chakra":59.605001},"./tests/input-multiple-types.js":{"6.10.1_v8":54.910026,"7.10.0_v8":53.229546,"7.10.0_v8_turbo_ignition":52.668166,"8.0.0_v8":51.339578,"8.0.0_v8_turbo_ignition":50.120321,"8.0.0-nightly20170415265fc0bedc_chakra":59.987881,"8.0.0-nightly20170505fe44f54949_chakra":57.317183},"./tests/leaks-arguments-via-closure.js":{"6.10.1_v8":52.745085,"7.10.0_v8":51.828056,"7.10.0_v8_turbo_ignition":51.460917,"8.0.0_v8":52.333968,"8.0.0_v8_turbo_ignition":48.913147,"8.0.0-nightly20170415265fc0bedc_chakra":61.146888,"8.0.0-nightly20170505fe44f54949_chakra":58.687378},"./tests/manually-copy-arguments.js":{"6.10.1_v8":53.705371,"7.10.0_v8":50.813621,"7.10.0_v8_turbo_ignition":49.805029,"8.0.0_v8":51.836093,"8.0.0_v8_turbo_ignition":49.074741,"8.0.0-nightly20170415265fc0bedc_chakra":59.798534,"8.0.0-nightly20170505fe44f54949_chakra":59.646981},"./tests/nested-functions.js":{"6.10.1_v8":53.216519,"7.10.0_v8":51.219177,"7.10.0_v8_turbo_ignition":52.162186,"8.0.0_v8":51.121321,"8.0.0_v8_turbo_ignition":48.367114,"8.0.0-nightly20170415265fc0bedc_chakra":60.872793,"8.0.0-nightly20170505fe44f54949_chakra":58.3869},"./tests/noop.js":{"6.10.1_v8":55.558653,"7.10.0_v8":50.179329,"7.10.0_v8_turbo_ignition":50.834425,"8.0.0_v8":49.415432,"8.0.0_v8_turbo_ignition":47.957586,"8.0.0-nightly20170415265fc0bedc_chakra":61.821925,"8.0.0-nightly20170505fe44f54949_chakra":58.650293},"./tests/object-literal-with-getter.js":{"6.10.1_v8":54.060955,"7.10.0_v8":50.876481,"7.10.0_v8_turbo_ignition":49.475438,"8.0.0_v8":50.956438,"8.0.0_v8_turbo_ignition":48.750614,"8.0.0-nightly20170415265fc0bedc_chakra":58.934026,"8.0.0-nightly20170505fe44f54949_chakra":60.001232},"./tests/object-literal-with-setter.js":{"6.10.1_v8":53.283044,"7.10.0_v8":50.731977,"7.10.0_v8_turbo_ignition":51.042875,"8.0.0_v8":49.447015,"8.0.0_v8_turbo_ignition":54.261513,"8.0.0-nightly20170415265fc0bedc_chakra":59.951483,"8.0.0-nightly20170505fe44f54949_chakra":59.522689},"./tests/overwrite-named-arg-and-reading-arguments.js":{"6.10.1_v8":53.382817,"7.10.0_v8":50.69021,"7.10.0_v8_turbo_ignition":51.761941,"8.0.0_v8":50.63734,"8.0.0_v8_turbo_ignition":51.820375,"8.0.0-nightly20170415265fc0bedc_chakra":59.923437,"8.0.0-nightly20170505fe44f54949_chakra":58.529514},"./tests/overwrite-named-arg.js":{"6.10.1_v8":52.328789,"7.10.0_v8":52.781291,"7.10.0_v8_turbo_ignition":53.458469,"8.0.0_v8":48.685906,"8.0.0_v8_turbo_ignition":50.37796,"8.0.0-nightly20170415265fc0bedc_chakra":57.589708,"8.0.0-nightly20170505fe44f54949_chakra":62.583232},"./tests/pass-arguments-to-call.js":{"6.10.1_v8":57.134158,"7.10.0_v8":50.89938,"7.10.0_v8_turbo_ignition":49.655628,"8.0.0_v8":49.098044,"8.0.0_v8_turbo_ignition":50.136375,"8.0.0-nightly20170415265fc0bedc_chakra":59.846084,"8.0.0-nightly20170505fe44f54949_chakra":59.203526},"./tests/promises.js":{"6.10.1_v8":54.717181,"7.10.0_v8":50.606695,"7.10.0_v8_turbo_ignition":52.398682,"8.0.0_v8":52.420777,"8.0.0_v8_turbo_ignition":47.351384,"8.0.0-nightly20170415265fc0bedc_chakra":61.221348,"8.0.0-nightly20170505fe44f54949_chakra":58.730962},"./tests/rest-parameters.js":{"6.10.1_v8":53.826609,"7.10.0_v8":58.466047,"7.10.0_v8_turbo_ignition":51.744019,"8.0.0_v8":51.383337,