{"./tests/access-non-existent-arguments-index.js":{"v8_6.10.1":58.838052,"v8_7.10.0":52.650359,"v8_7.10.0_turbo_ignition":56.142493,"v8_8.0.0-nightly201705029802d466cc":50.364945,"v8_8.0.0-nightly201705029802d466cc_turbo_ignition":49.260009,"chakra_v8.0.0-nightly201705037f33b4cbf3":59.029243},"./tests/access-valid-arguments-index.js":{"v8_6.10.1":60.388067,"v8_7.10.0":53.929318,"v8_7.10.0_turbo_ignition":56.267058,"v8_8.0.0-nightly201705029802d466cc":51.097589,"v8_8.0.0-nightly201705029802d466cc_turbo_ignition":49.231966,"chakra_v8.0.0-nightly201705037f33b4cbf3":60.675043},"./tests/assign-to-arguments.js":{"v8_6.10.1":55.636963,"v8_7.10.0":51.572682,"v8_7.10.0_turbo_ignition":52.086715,"v8_8.0.0-nightly201705029802d466cc":49.21297,"v8_8.0.0-nightly201705029802d466cc_turbo_ignition":47.696882,"chakra_v8.0.0-nightly201705037f33b4cbf3":58.853181},"./tests/async-await.js":{"v8_6.10.1":"Command failed: /home/vladimir/.nvm/versions/node/v6.10.1/bin/node ./tests/async-await.js 10\n/media/vladimir/DATA/Projects/node_engine_bench/tests/async-await.js:2\nasync function exec(arg) {\n      ^^^^^^^^\nSyntaxError: Unexpected token function\n    at createScript (vm.js:56:10)\n    at Object.runInThisContext (vm.js:97:10)\n    at Module._compile (module.js:542:28)\n    at Object.Module._extensions..js (module.js:579:10)\n    at Module.load (module.js:487:32)\n    at tryModuleLoad (module.js:446:12)\n    at Function.Module._load (module.js:438:3)\n    at Module.runMain (module.js:604:10)\n    at run (bootstrap_node.js:393:7)\n    at startup (bootstrap_node.js:150:9)\n","v8_7.10.0":58.881778,"v8_7.10.0_turbo_ignition":53.741024,"v8_8.0.0-nightly201705029802d466cc":55.137432,"v8_8.0.0-nightly201705029802d466cc_turbo_ignition":237.844521,"chakra_v8.0.0-nightly201705037f33b4cbf3":82.124521},"./tests/bound-funtion.js":{"v8_6.10.1":52.846235,"v8_7.10.0":53.462851,"v8_7.10.0_turbo_ignition":52.377703,"v8_8.0.0-nightly201705029802d466cc":51.109571,"v8_8.0.0-nightly201705029802d466cc_turbo_ignition":47.147859,"chakra_v8.0.0-nightly201705037f33b4cbf3":61.563628},"./tests/calls-bind.js":{"v8_6.10.1":53.884638,"v8_7.10.0":53.304072,"v8_7.10.0_turbo_ignition":51.992131,"v8_8.0.0-nightly201705029802d466cc":48.95514,"v8_8.0.0-nightly201705029802d466cc_turbo_ignition":47.399439,"chakra_v8.0.0-nightly201705037f33b4cbf3":57.864401},"./tests/closure-function.js":{"v8_6.10.1":59.335819,"v8_7.10.0":52.337379,"v8_7.10.0_turbo_ignition":51.610424,"v8_8.0.0-nightly201705029802d466cc":60.376705,"v8_8.0.0-nightly201705029802d466cc_turbo_ignition":73.862329,"chakra_v8.0.0-nightly201705037f33b4cbf3":70.190005},"./tests/debugger.js":{"v8_6.10.1":70.298014,"v8_7.10.0":68.191967,"v8_7.10.0_turbo_ignition":62.248503,"v8_8.0.0-nightly201705029802d466cc":52.202356,"v8_8.0.0-nightly201705029802d466cc_turbo_ignition":49.502785,"chakra_v8.0.0-nightly201705037f33b4cbf3":65.990091},"./tests/eval.js":{"v8_6.10.1":60.102303,"v8_7.10.0":52.661506,"v8_7.10.0_turbo_ignition":56.255085,"v8_8.0.0-nightly201705029802d466cc":52.539517,"v8_8.0.0-nightly201705029802d466cc_turbo_ignition":57.06849,"chakra_v8.0.0-nightly201705037f33b4cbf3":62.475954},"./tests/for-in-loop-using-array.js":{"v8_6.10.1":53.898366,"v8_7.10.0":58.220074,"v8_7.10.0_turbo_ignition":51.536078,"v8_8.0.0-nightly201705029802d466cc":50.130405,"v8_8.0.0-nightly201705029802d466cc_turbo_ignition":47.187081,"chakra_v8.0.0-nightly201705037f33b4cbf3":63.263771},"./tests/for-in-loop-with-outer-scope-key.js":{"v8_6.10.1":53.61746,"v8_7.10.0":52.264092,"v8_7.10.0_turbo_ignition":49.725369,"v8_8.0.0-nightly201705029802d466cc":50.819564,"v8_8.0.0-nightly201705029802d466cc_turbo_ignition":53.709639,"chakra_v8.0.0-nightly201705037f33b4cbf3":67.800051},"./tests/for-in-loop-without-simple-enumerable.js":{"v8_6.10.1":56.9666,"v8_7.10.0":61.321795,"v8_7.10.0_turbo_ignition":57.226662,"v8_8.0.0-nightly201705029802d466cc":49.386835,"v8_8.0.0-nightly201705029802d466cc_turbo_ignition":47.427196,"chakra_v8.0.0-nightly201705037f33b4cbf3":64.997455},"./tests/for-in-loop.js":{"v8_6.10.1":55.059697,"v8_7.10.0":68.245799,"v8_7.10.0_turbo_ignition":62.057882,"v8_8.0.0-nightly201705029802d466cc":56.1817,"v8_8.0.0-nightly201705029802d466cc_turbo_ignition":53.5108,"chakra_v8.0.0-nightly201705037f33b4cbf3":68.266833},"./tests/input-multiple-classes.js":{"v8_6.10.1":58.852451,"v8_7.10.0":56.595007,"v8_7.10.0_turbo_ignition":53.925136,"v8_8.0.0-nightly201705029802d466cc":60.005348,"v8_8.0.0-nightly201705029802d466cc_turbo_ignition":54.009671,"chakra_v8.0.0-nightly201705037f33b4cbf3":69.648464},"./tests/input-multiple-shadow-class.js":{"v8_6.10.1":61.221808,"v8_7.10.0":56.405762,"v8_7.10.0_turbo_ignition":60.131681,"v8_8.0.0-nightly201705029802d466cc":52.985236,"v8_8.0.0-nightly201705029802d466cc_turbo_ignition":51.975723,"chakra_v8.0.0-nightly201705037f33b4cbf3":83.968603},"./tests/input-multiple-types.js":{"v8_6.10.1":57.169004,"v8_7.10.0":54.593358,"v8_7.10.0_turbo_ignition":52.945728,"v8_8.0.0-nightly201705029802d466cc":53.962275,"v8_8.0.0-nightly201705029802d466cc_turbo_ignition":47.35575,"chakra_v8.0.0-nightly201705037f33b4cbf3":62.893936},"./tests/leaks-arguments-via-closure.js":{"v8_6.10.1":55.567368,"v8_7.10.0":55.419561,"v8_7.10.0_turbo_ignition":53.751055,"v8_8.0.0-nightly201705029802d466cc":47.75322,"v8_8.0.0-nightly201705029802d466cc_turbo_ignition":45.256948,"chakra_v8.0.0-nightly201705037f33b4cbf3":59.594589},"./tests/manually-copy-arguments.js":{"v8_6.10.1":52.791879,"v8_7.10.0":49.201478,"v8_7.10.0_turbo_ignition":51.690141,"v8_8.0.0-nightly201705029802d466cc":47.817807,"v8_8.0.0-nightly201705029802d466cc_turbo_ignition":45.76448,"chakra_v8.0.0-nightly201705037f33b4cbf3":59.581256},"./tests/nested-functions.js":{"v8_6.10.1":52.036999,"v8_7.10.0":50.189321,"v8_7.10.0_turbo_ignition":48.440236,"v8_8.0.0-nightly201705029802d466cc":48.728114,"v8_8.0.0-nightly201705029802d466cc_turbo_ignition":45.789991,"chakra_v8.0.0-nightly201705037f33b4cbf3":57.777426},"./tests/noop.js":{"v8_6.10.1":52.20195,"v8_7.10.0":51.05836,"v8_7.10.0_turbo_ignition":50.711279,"v8_8.0.0-nightly201705029802d466cc":47.632969,"v8_8.0.0-nightly201705029802d466cc_turbo_ignition":47.758529,"chakra_v8.0.0-nightly201705037f33b4cbf3":56.604699},"./tests/object-literal-with-getter.js":{"v8_6.10.1":51.791704,"v8_7.10.0":49.910313,"v8_7.10.0_turbo_ignition":59.974431,"v8_8.0.0-nightly201705029802d466cc":51.115374,"v8_8.0.0-nightly201705029802d466cc_turbo_ignition":59.36381,"chakra_v8.0.0-nightly201705037f33b4cbf3":63.707064},"./tests/object-literal-with-setter.js":{"v8_6.10.1":61.37273,"v8_7.10.0":55.071238,"v8_7.10.0_turbo_ignition":57.691033,"v8_8.0.0-nightly201705029802d466cc":50.667952,"v8_8.0.0-nightly201705029802d466cc_turbo_ignition":47.568308,"chakra_v8.0.0-nightly201705037f33b4cbf3":62.210064},"./tests/overwrite-named-arg-and-reading-arguments.js":{"v8_6.10.1":55.919383,"v8_7.10.0":52.860142,"v8_7.10.0_turbo_ignition":51.827628,"v8_8.0.0-nightly201705029802d466cc":55.964693,"v8_8.0.0-nightly201705029802d466cc_turbo_ignition":51.501875,"chakra_v8.0.0-nightly201705037f33b4cbf3":64.010383},"./tests/overwrite-named-arg.js":{"v8_6.10.1":51.604335,"v8_7.10.0":50.14512,"v8_7.10.0_turbo_ignition":49.970971,"v8_8.0.0-nightly201705029802d466cc":48.469204,"v8_8.0.0-nightly201705029802d466cc_turbo_ignition":45.385647,"chakra_v8.0.0-nightly201705037f33b4cbf3":62.830221},"./tests/pass-arguments-to-call.js":{"v8_6.10.1":53.165111,"v8_7.10.0":53.850536,"v8_7.10.0_turbo_ignition":49.854959,"v8_8.0.0-nightly201705029802d466cc":49.124481,"v8_8.0.0-nightly201705029802d466cc_turbo_ignition":45.758485,"chakra_v8.0.0-nightly201705037f33b4cbf3":66.545551},"./tests/promises.js":{"v8_6.10.1":57.462927,"v8_7.10.0":55.841429,"v8_7.10.0_turbo_ignition":57.031176,"v8_8.0.0-nightly201705029802d466cc":50.646152,"v8_8.0.0-nightly201705029802d466cc_turbo_ignition":47.12079,"chakra_v8.0.0-nightly201705037f33b4cbf3":58.253768},"./tests/rest-parameters.js":{"v8_6.10.1":51.753252,"v8_7.10.0":50.043197,