{"./tests/access-non-existent-arguments-index.js":{"v8_v6.10.1":61.130284,"v8_7.10.0":60.06643,"v8_7.10.0_ignition":63.908837,"v8_v8.0.0-nightly201705029802d466cc":59.243835,"v8_v8.0.0-nightly201705029802d466cc_ignition":59.030434,"chakra_v8.0.0-nightly201705037f33b4cbf3":68.802194},"./tests/access-valid-arguments-index.js":{"v8_v6.10.1":55.595351,"v8_7.10.0":56.635832,"v8_7.10.0_ignition":65.269625,"v8_v8.0.0-nightly201705029802d466cc":55.246721,"v8_v8.0.0-nightly201705029802d466cc_ignition":65.355791,"chakra_v8.0.0-nightly201705037f33b4cbf3":82.87301},"./tests/assign-to-arguments.js":{"v8_v6.10.1":60.372097,"v8_7.10.0":69.754521,"v8_7.10.0_ignition":63.71335,"v8_v8.0.0-nightly201705029802d466cc":63.650603,"v8_v8.0.0-nightly201705029802d466cc_ignition":55.309932,"chakra_v8.0.0-nightly201705037f33b4cbf3":69.714454},"./tests/async-await.js":{"v8_v6.10.1":"Command failed: /home/vladimir/.nvm/versions/node/v6.10.1/bin/node ./tests/async-await.js 100\n/media/vladimir/DATA/Projects/node_engine_bench/tests/async-await.js:2\nasync function exec(arg) {\n      ^^^^^^^^\nSyntaxError: Unexpected token function\n    at createScript (vm.js:56:10)\n    at Object.runInThisContext (vm.js:97:10)\n    at Module._compile (module.js:542:28)\n    at Object.Module._extensions..js (module.js:579:10)\n    at Module.load (module.js:487:32)\n    at tryModuleLoad (module.js:446:12)\n    at Function.Module._load (module.js:438:3)\n    at Module.runMain (module.js:604:10)\n    at run (bootstrap_node.js:393:7)\n    at startup (bootstrap_node.js:150:9)\n","v8_7.10.0":64.225431,"v8_7.10.0_ignition":71.493458,"v8_v8.0.0-nightly201705029802d466cc":59.670545,"v8_v8.0.0-nightly201705029802d466cc_ignition":54.923986,"chakra_v8.0.0-nightly201705037f33b4cbf3":91.401951},"./tests/bound-funtion.js":{"v8_v6.10.1":80.256147,"v8_7.10.0":79.834725,"v8_7.10.0_ignition":66.776467,"v8_v8.0.0-nightly201705029802d466cc":75.681085,"v8_v8.0.0-nightly201705029802d466cc_ignition":101.157031,"chakra_v8.0.0-nightly201705037f33b4cbf3":87.282862},"./tests/calls-bind.js":{"v8_v6.10.1":92.096254,"v8_7.10.0":85.848483,"v8_7.10.0_ignition":78.995054,"v8_v8.0.0-nightly201705029802d466cc":76.947824,"v8_v8.0.0-nightly201705029802d466cc_ignition":57.298782,"chakra_v8.0.0-nightly201705037f33b4cbf3":85.47228},"./tests/closure-function.js":{"v8_v6.10.1":88.022838,"v8_7.10.0":76.491288,"v8_7.10.0_ignition":81.226345,"v8_v8.0.0-nightly201705029802d466cc":74.108943,"v8_v8.0.0-nightly201705029802d466cc_ignition":64.255572,"chakra_v8.0.0-nightly201705037f33b4cbf3":86.650671},"./tests/debugger.js":{"v8_v6.10.1":69.8664,"v8_7.10.0":66.477638,"v8_7.10.0_ignition":62.715902,"v8_v8.0.0-nightly201705029802d466cc":70.142093,"v8_v8.0.0-nightly201705029802d466cc_ignition":76.463588,"chakra_v8.0.0-nightly201705037f33b4cbf3":74.76636},"./tests/eval.js":{"v8_v6.10.1":74.803955,"v8_7.10.0":66.899244,"v8_7.10.0_ignition":65.507701,"v8_v8.0.0-nightly201705029802d466cc":59.172107,"v8_v8.0.0-nightly201705029802d466cc_ignition":59.13846,"chakra_v8.0.0-nightly201705037f33b4cbf3":67.945526},"./tests/for-in-loop-using-array.js":{"v8_v6.10.1":59.421201,"v8_7.10.0":63.973044,"v8_7.10.0_ignition":53.675964,"v8_v8.0.0-nightly201705029802d466cc":51.557229,"v8_v8.0.0-nightly201705029802d466cc_ignition":46.569337,"chakra_v8.0.0-nightly201705037f33b4cbf3":63.084207},"./tests/for-in-loop-with-outer-scope-key.js":{"v8_v6.10.1":53.944015,"v8_7.10.0":51.376452,"v8_7.10.0_ignition":57.308118,"v8_v8.0.0-nightly201705029802d466cc":52.522083,"v8_v8.0.0-nightly201705029802d466cc_ignition":47.440534,"chakra_v8.0.0-nightly201705037f33b4cbf3":59.454204},"./tests/for-in-loop-without-simple-enumerable.js":{"v8_v6.10.1":56.415473,"v8_7.10.0":50.76841,"v8_7.10.0_ignition":51.597138,"v8_v8.0.0-nightly201705029802d466cc":48.149546,"v8_v8.0.0-nightly201705029802d466cc_ignition":52.336208,"chakra_v8.0.0-nightly201705037f33b4cbf3":63.460734},"./tests/for-in-loop.js":{"v8_v6.10.1":56.468391,"v8_7.10.0":52.383851,"v8_7.10.0_ignition":54.826365,"v8_v8.0.0-nightly201705029802d466cc":51.410206,"v8_v8.0.0-nightly201705029802d466cc_ignition":48.659742,"chakra_v8.0.0-nightly201705037f33b4cbf3":60.533424},"./tests/input-multiple-classes.js":{"v8_v6.10.1":61.849542,"v8_7.10.0":54.252525,"v8_7.10.0_ignition":54.070227,"v8_v8.0.0-nightly201705029802d466cc":60.381976,"v8_v8.0.0-nightly201705029802d466cc_ignition":48.949615,"chakra_v8.0.0-nightly201705037f33b4cbf3":60.295124},"./tests/input-multiple-shadow-class.js":{"v8_v6.10.1":54.421682,"v8_7.10.0":53.346263,"v8_7.10.0_ignition":53.347306,"v8_v8.0.0-nightly201705029802d466cc":54.329971,"v8_v8.0.0-nightly201705029802d466cc_ignition":46.066062,"chakra_v8.0.0-nightly201705037f33b4cbf3":58.992607},"./tests/input-multiple-types.js":{"v8_v6.10.1":51.272672,"v8_7.10.0":54.411353,"v8_7.10.0_ignition":51.7564,"v8_v8.0.0-nightly201705029802d466cc":58.604476,"v8_v8.0.0-nightly201705029802d466cc_ignition":45.620834,"chakra_v8.0.0-nightly201705037f33b4cbf3":61.548918},"./tests/leaks-arguments-via-closure.js":{"v8_v6.10.1":53.618834,"v8_7.10.0":52.299289,"v8_7.10.0_ignition":50.655767,"v8_v8.0.0-nightly201705029802d466cc":47.204391,"v8_v8.0.0-nightly201705029802d466cc_ignition":45.802886,"chakra_v8.0.0-nightly201705037f33b4cbf3":62.597594},"./tests/manually-copy-arguments.js":{"v8_v6.10.1":52.952954,"v8_7.10.0":55.637484,"v8_7.10.0_ignition":50.748732,"v8_v8.0.0-nightly201705029802d466cc":48.983883,"v8_v8.0.0-nightly201705029802d466cc_ignition":46.150397,"chakra_v8.0.0-nightly201705037f33b4cbf3":60.173094},"./tests/nested-functions.js":{"v8_v6.10.1":53.198439,"v8_7.10.0":52.040161,"v8_7.10.0_ignition":47.913504,"v8_v8.0.0-nightly201705029802d466cc":49.832714,"v8_v8.0.0-nightly201705029802d466cc_ignition":44.566921,"chakra_v8.0.0-nightly201705037f33b4cbf3":60.989372},"./tests/noop.js":{"v8_v6.10.1":52.269569,"v8_7.10.0":52.183064,"v8_7.10.0_ignition":50.951828,"v8_v8.0.0-nightly201705029802d466cc":50.507253,"v8_v8.0.0-nightly201705029802d466cc_ignition":45.105872,"chakra_v8.0.0-nightly201705037f33b4cbf3":59.575933},"./tests/object-literal-with-getter.js":{"v8_v6.10.1":53.679293,"v8_7.10.0":53.626706,"v8_7.10.0_ignition":52.824032,"v8_v8.0.0-nightly201705029802d466cc":47.819578,"v8_v8.0.0-nightly201705029802d466cc_ignition":46.413779,"chakra_v8.0.0-nightly201705037f33b4cbf3":60.090995},"./tests/object-literal-with-setter.js":{"v8_v6.10.1":54.388158,"v8_7.10.0":50.927317,"v8_7.10.0_ignition":61.568424,"v8_v8.0.0-nightly201705029802d466cc":49.348862,"v8_v8.0.0-nightly201705029802d466cc_ignition":48.399427,"chakra_v8.0.0-nightly201705037f33b4cbf3":62.196862},"./tests/overwrite-named-arg-and-reading-arguments.js":{"v8_v6.10.1":57.003023,"v8_7.10.0":54.304272,"v8_7.10.0_ignition":57.063524,"v8_v8.0.0-nightly201705029802d466cc":50.090464,"v8_v8.0.0-nightly201705029802d466cc_ignition":54.291073,"chakra_v8.0.0-nightly201705037f33b4cbf3":69.87542},"./tests/overwrite-named-arg.js":{"v8_v6.10.1":60.502693,"v8_7.10.0":61.123421,"v8_7.10.0_ignition":54.194824,"v8_v8.0.0-nightly201705029802d466cc":50.619274,"v8_v8.0.0-nightly201705029802d466cc_ignition":46.97741,"chakra_v8.0.0-nightly201705037f33b4cbf3":64.101883},"./tests/pass-arguments-to-call.js":{"v8_v6.10.1":58.487196,"v8_7.10.0":57.2049,"v8_7.10.0_ignition":52.996425,"v8_v8.0.0-nightly201705029802d466cc":53.243737,"v8_v8.0.0-nightly201705029802d466cc_ignition":55.995361,"chakra_v8.0.0-nightly201705037f33b4cbf3":63.851976},"./tests/promises.js":{"v8_v6.10.1":65.682218,"v8_7.10.0":58.927272,"v8_7.10.0_ignition":57.688625,"v8_v8.0.0-nightly201705029802d466cc":54.27827,"v8_v8.0.0-nightly201705029802d466cc_ignition":50.56425,"chakra_v8.0.0-nightly201705037f33b4cbf3":67.330309},"./tests/rest-parameters.js":{"v8_v6.10.1":54.12204,"v8_7.10.0":51.267399,"v8_7.10.0_ignition":51.254648,"v8_v8.0.0-nightly201705029802d466cc":50.585552,"v8_v8.0.0-nightly201705029802d466cc_ignition":47.631312,"chakra_v8.0.0-nightly201705037f33b4cbf3":60.0819},"./tests/return-arguments.js":{"v8_v6.10.1":54.473642,"v8_7.10.0":52.193806,